Id,Date,Price,Cohort
10000214525,2005-05-24,64.35,5
10000214525,2005-08-03,11.75,5
10000214525,2005-08-19,44.6,5
10000214525,2010-12-02,19.3,5
10000798442,2007-06-06,698,5
10000798442,2005-05-10,1208,5
10000798442,2006-03-19,561.5,5
10000798442,2006-09-10,1745,5
10000798442,2007-05-06,1047,5
10000798442,2012-06-01,500,5
10001069340,2005-05-25,36,5
10001069340,2005-07-05,12.5,5
10001146511,2005-05-10,75.75,5
10001194878,2005-05-24,103,5
10001194878,2008-10-07,18.9,5
10001194878,2008-10-21,56,5
10001194878,2009-06-03,184.98,5
10001194878,2007-10-10,13.6,5
10001365243,2005-05-05,31,5
10001365243,2008-09-03,39,5
10001506202,2005-05-23,214.07,5
10001506202,2009-02-26,172.5,5
10001506202,2009-07-06,160,5
10002571518,2005-05-14,150,5
10002571518,2012-07-18,34,5
10005247891,2005-05-11,22.6,5
10005247891,2007-11-20,22.6,5
10005247891,2009-04-27,37.32,5
10005879857,2007-11-18,85.14,5
10005879857,2008-04-04,17,5
10005879857,2005-05-12,72.05,5
10006722999,2005-05-29,104.25,5
10006722999,2006-05-13,87.69,5
10006722999,2008-10-26,100,5
10006874322,2005-05-07,271.83,5
10007936576,2005-05-10,49.2,5
10007936576,2005-09-14,25,5
10008035071,2005-05-15,129.58,5
10008035071,2006-05-15,18.57,5
10008035071,2008-11-24,34.65,5
10008550005,2005-05-22,24,5
10008830578,2005-05-25,77.63,5
10008830578,2006-07-06,354.51,5
10008830578,2008-10-03,91,5
10010122469,2005-05-25,82.82,5
10010122469,2007-01-29,25.48,5
10010731128,2005-05-26,49.75,5
10011016092,2005-05-25,10.5,5
10012661589,2005-05-01,95.95,5
10012661589,2006-03-30,87.69,5
10012860133,2007-12-03,100.83,5
10012860133,2005-05-24,92.25,5
10012863021,2005-05-04,22.6,5
10012863021,2005-08-19,12.5,5
10012958763,2005-05-28,4,5
10013021874,2007-12-17,74.1,5
10013021874,2005-05-26,46,5
10013021874,2005-06-27,46,5
10013021874,2005-12-21,43.84,5
10013021874,2006-12-20,35,5
10013021874,2010-08-30,147.6,5
10013046962,2005-05-06,79.9,5
10013672363,2005-05-06,25,5
10014446403,2005-05-03,25,5
10014446403,2005-07-01,52.9,5
10014446403,2005-07-18,92.4,5
10016378057,2005-05-04,68.1,5
10016682409,2005-05-14,24,5
10017256468,2005-05-24,45.2,5
10017256468,2005-06-25,27,5
10017755047,2005-05-26,78,5
10017755047,2009-08-25,47,5
10018942240,2007-12-13,126.1,5
10018942240,2005-05-25,34,5
10018942240,2007-01-24,22.6,5
10018942240,2008-10-03,22.6,5
10018942240,2010-11-22,51.51,5
10018942240,2011-02-21,144.25,5
10019059036,2007-02-07,33.93,5
10019059036,2007-02-13,79.5,5
10019059036,2005-05-16,38.75,5
10019059036,2006-02-07,96.68,5
10019059036,2009-01-23,35.77,5
10019059036,2009-05-18,27,5
10019059036,2010-01-23,59.58,5
10019315743,2005-05-26,20.45,5
10019315743,2008-04-03,24,5
10019315743,2008-06-30,46.71,5
10019373568,2005-05-26,45,5
10019373568,2006-10-20,52,5
10019373568,2007-02-09,30,5
10019373568,2010-11-16,27.65,5
10019373568,2012-04-02,65,5
10019373568,2012-08-13,50.5,5
10019380656,2005-05-10,29,5
10019380656,2008-09-04,143.1,5
10019380656,2008-10-22,121.24,5
10019380656,2006-10-26,93.61,5
10020437956,2005-05-16,19.1,5
10021104588,2005-05-26,17.55,5
10022072926,2005-05-26,61.73,5
10022093994,2005-05-24,18,5
10022093994,2007-11-14,18,5
10022093994,2008-12-13,18.9,5
10022302241,2005-05-04,31.36,5
10022556944,2005-05-05,68.49,5
10025726306,2005-05-20,477.45,5
10025726306,2005-05-27,150,5
10025726306,2008-05-31,76,5
10025726306,2009-12-17,118.23,5
10026205003,2005-05-31,18,5
10026610715,2005-05-22,88.5,5
10026610715,2005-06-06,30,5
10026610715,2005-07-05,45.2,5
10026610715,2005-11-27,72.13,5
10026610715,2005-12-15,35.2,5
10026610715,2010-04-03,72.5,5
10027098131,2007-12-10,150,5
10027098131,2005-05-18,73.5,5
10027098131,2005-07-13,127,5
10027098131,2007-06-16,55.98,5
10027098131,2008-04-15,93.67,5
10027463642,2005-05-26,7.5,5
10027722063,2005-05-31,6,5
10027722063,2005-10-27,80.93,5
10028774500,2005-05-01,22.6,5
10028774500,2006-11-30,69.26,5
10028774500,2009-09-29,13.45,5
10028774500,2010-12-07,25.28,5
10028774500,2011-11-07,39.13,5
10030303437,2005-05-19,11.75,5
10030303437,2005-09-15,130,5
10030315624,2007-12-16,40,5
10030315624,2005-05-16,3.5,5
10032145819,2005-05-04,406.44,5
10032195905,2005-05-17,20.45,5
10032687968,2005-05-13,16.4,5
10033724630,2005-05-07,56.29,5
10033724630,2008-05-02,44,5
10033724630,2009-03-29,19.19,5
10033724630,2008-10-28,24,5
10033724630,2009-11-10,11.88,5
10035912391,2005-05-25,25,5
10035912391,2005-11-28,22.5,5
10035912391,2007-07-28,69.85,5
10036507042,2005-05-24,51.6,5
10036542782,2005-05-06,72,5
10036542782,2007-07-16,30.53,5
10036542782,2007-10-30,66.75,5
10036542782,2007-11-12,33.75,5
10036542782,2009-06-16,77,5
10036542782,2010-01-04,20,5
10036542782,2011-10-31,85.18,5
10037862643,2005-05-04,29.92,5
10037888086,2005-05-02,28.49,5
10038141079,2005-05-17,62.5,5
10040153517,2005-05-24,86.02,5
10040282357,2005-05-25,140,5
10040282357,2006-02-07,36,5
10040282357,2005-09-09,10.62,5
10040911815,2005-05-18,35,5
10041569664,2005-05-13,9.87,5
10041621133,2005-05-18,126.12,5
10041621133,2006-11-06,113,5
10042456761,2005-05-04,30,5
10042456761,2010-12-04,70.23,5
10043025399,2005-05-21,32.8,5
10043025399,2005-07-10,81.9,5
10043025399,2005-10-11,32.8,5
10043034235,2005-05-02,122,5
10043034235,2009-07-03,77.51,5
10043439493,2005-05-31,3,5
10043826491,2005-05-11,68,5
10043826491,2006-05-17,28.97,5
10044089600,2005-11-29,106.38,5
10044089600,2005-05-10,10,5
10045024383,2005-05-24,25,5
10045024383,2009-10-05,70,5
10045868895,2005-05-06,68,5
10046471212,2005-05-05,93.8,5
10046910490,2005-05-02,56,5
10047455305,2005-05-26,31,5
10047567809,2005-05-27,19.24,5
10049164425,2005-05-06,104.5,5
10049164425,2005-05-12,58.86,5
10049164425,2008-01-19,146.5,5
10049200996,2005-05-20,91.4,5
10049200996,2006-03-23,452.6,5
10049200996,2011-05-21,9.65,5
10049450601,2005-05-01,24,5
10049592053,2005-05-05,20,5
10049592053,2006-10-09,30.95,5
10049592053,2010-10-03,14.95,5
10049592053,2011-03-16,59.56,5
10049592053,2011-05-27,30.82,5
10049638369,2005-05-17,473.7,5
10049755446,2006-06-02,28,5
10049755446,2005-05-23,30.13,5
10049755446,2005-07-13,21.16,5
10050896691,2005-05-20,68.76,5
10050896691,2007-11-13,2131.32,5
10050896691,2008-02-13,219.7,5
10050896691,2009-10-15,193.76,5
10051026042,2005-05-02,34.4,5
10051333290,2005-05-08,27.49,5
10052156286,2005-05-30,101.24,5
10052156286,2009-09-03,39.95,5
10052573785,2005-05-23,20.45,5
10052630082,2005-05-18,23.24,5
10052630082,2006-10-11,145,5
10052630082,2007-12-19,11.7,5
10052630082,2008-02-19,13.5,5
10052630082,2009-06-09,97.1,5
10052630082,2009-09-01,11.25,5
10052630082,2010-03-09,40.95,5
10052630082,2011-05-17,7.5,5
10052630082,2012-03-09,242.64,5
10052630082,2012-04-17,163.04,5
10052630082,2012-04-25,16.5,5
10052681291,2005-05-19,85.64,5
10054329006,2005-05-25,13,5
10054329006,2005-07-05,13,5
10054354706,2005-05-07,23.66,5
10054354706,2005-07-06,25.75,5
10054354706,2006-07-29,24,5
10054579963,2005-05-25,58.46,5
10055220766,2005-05-01,17.55,5
10055487042,2005-05-27,11,5
10055873010,2005-05-21,49,5
10056842887,2005-05-28,268,5
10057543825,2005-05-29,31.5,5
10057591879,2005-05-12,13.18,5
10057650802,2005-05-27,9.85,5
10057790673,2007-12-10,190.75,5
10057790673,2008-06-24,138.75,5
10057790673,2009-12-11,34.2,5
10057790673,2005-05-24,116.13,5
10058064665,2005-05-12,12.35,5
10058064665,2005-08-20,179.45,5
10058064665,2005-11-14,26.5,5
10058064665,2006-07-26,156.8,5
10058064665,2007-11-26,94.95,5
10058956629,2005-05-04,37.5,5
10058956629,2005-09-23,50,5
10058956629,2006-12-07,37.5,5
10058956629,2007-07-18,37.5,5
10059118594,2005-05-15,25,5
10059118594,2006-05-17,14,5
10059118594,2007-12-18,65,5
10059118594,2009-07-24,65,5
10059118594,2009-08-04,38.04,5
10059213171,2005-05-10,11.5,5
10059369452,2005-05-25,235,5
10059369452,2006-08-16,78.6,5
10059539641,2005-05-09,18.1,5
10060960736,2005-05-27,27.5,5
10061209108,2009-08-13,24,5
10061209108,2005-05-25,20,5
10061566078,2005-05-26,25,5
10061652093,2005-05-27,189.47,5
10061652093,2007-12-17,22.78,5
10061673469,2009-01-18,70.81,5
10061673469,2009-06-10,26,5
10061673469,2005-05-24,40,5
10061673469,2006-06-22,15,5
10062031354,2005-05-28,56.25,5
10062205956,2005-05-05,50,5
10062205956,2005-07-25,19.74,5
10062205956,2005-11-09,85.25,5
10062205956,2006-09-25,55.8,5
10062205956,2006-11-14,48.92,5
10062205956,2008-10-17,62.46,5
10062205956,2009-11-08,225,5
10062205956,2011-12-28,56.71,5
10062205956,2012-04-27,90,5
10062205956,2012-05-18,69,5
10062369398,2005-05-17,37.5,5
10062435017,2006-11-08,10.75,5
10062435017,2005-05-27,6,5
10062435017,2006-06-07,38,5
10062435017,2006-12-17,31.5,5
10063027557,2005-05-31,60,5
10063027557,2006-09-03,20,5
10063027557,2009-05-28,356.7,5
10063224880,2005-05-27,109.2,5
10063224880,2005-07-22,40,5
10063224880,2012-03-27,71.15,5
10063224880,2012-06-23,69.96,5
10063410341,2005-05-05,42.5,5
10063410341,2006-12-12,17.5,5
10063410341,2005-07-12,292.75,5
10063410341,2006-02-22,84.6,5
10063410341,2006-05-11,40.87,5
10063410341,2007-04-13,22.05,5
10063410341,2007-09-26,28.25,5
10063410341,2011-07-29,22.05,5
10063410341,2012-02-11,34.65,5
10063469230,2005-05-05,81.26,5
10063469230,2006-11-07,40.5,5
10063775082,2005-05-19,23.5,5
10063775082,2007-05-10,31.23,5
10063785643,2005-05-07,45,5
10063893734,2005-05-09,135.48,5
10063893734,2007-02-07,77.5,5
10063993912,2005-05-06,45.13,5
10063993912,2005-09-26,176.5,5
10064063280,2005-05-21,22.53,5
10064063280,2007-08-17,22.5,5
10064173592,2005-05-13,306.85,5
10064173592,2005-09-14,50,5
10064173592,2007-01-07,81,5
10064173592,2007-01-28,291.25,5
10064173592,2007-06-04,82.8,5
10064173592,2007-06-08,191.5,5
10064173592,2007-10-29,77.6,5
10064173592,2007-12-07,107.18,5
10064173592,2008-01-28,135,5
10064173592,2008-03-14,65,5
10064173592,2008-07-16,556.26,5
10064173592,2008-08-31,22,5
10064173592,2008-11-25,172.5,5
10064173592,2009-01-07,1100,5
10064173592,2009-05-14,771.22,5
10064173592,2009-08-02,192,5
10064173592,2009-11-28,66,5
10064173592,2009-12-03,65,5
10064173592,2009-12-28,262,5
10064173592,2010-07-28,45.54,5
10064173592,2010-09-22,220.8,5
10064173592,2011-01-30,3100,5
10064173592,2011-05-23,300,5
10064173592,2011-08-04,23,5
10064173592,2012-05-16,443,5
10064173592,2012-05-23,54.97,5
10064260670,2006-01-04,11,5
10064260670,2005-05-23,25,5
10064381120,2005-05-27,40,5
10064882382,2005-05-27,104.21,5
10064882382,2006-06-05,60.6,5
10065328153,2005-05-24,16.7,5
10065328153,2009-10-12,14.66,5
10065328153,2010-11-07,30.8,5
10065328153,2011-01-13,12.9,5
10065472175,2005-05-22,34.38,5
10065472175,2005-12-14,36.08,5
10065472175,2006-04-12,34.38,5
10065472175,2007-04-19,50,5
10065472175,2007-09-29,52.21,5
10065472175,2011-12-15,66.92,5
10065479887,2005-05-14,85,5
10065622149,2005-05-24,30,5
10065622149,2005-12-11,229,5
10065667766,2005-05-13,68,5
10065667766,2005-05-14,22.64,5
10066182318,2005-05-18,77.78,5
10066300638,2005-05-12,86.11,5
10066300638,2005-07-23,235,5
10066540070,2005-05-13,349,5
10066540070,2006-09-05,73.5,5
10066580587,2005-05-10,61.85,5
10066758439,2005-05-10,145.5,5
10066921055,2005-05-22,334,5
10067515584,2005-05-08,76,5
10067809538,2005-05-26,21.45,5
10067895421,2005-05-12,11,5
10067895421,2006-12-20,48.25,5
10068117066,2005-05-26,59,5
10068117066,2007-08-20,30.58,5
10068117066,2008-01-21,49,5
10068117066,2010-01-02,26.26,5
10068324338,2005-05-31,80,5
10068324338,2005-07-18,13,5
10068428338,2005-05-26,58.6,5
10068472930,2005-05-04,13,5
10068472930,2006-07-26,30.53,5
10068472930,2007-01-05,244.2,5
10068472930,2007-02-14,16.7,5
10068472930,2007-05-30,16.7,5
10068472930,2008-03-12,14.5,5
10068472930,2008-04-02,35,5
10068472930,2008-05-10,235,5
10068472930,2009-04-01,52,5
10068472930,2009-07-23,40,5
10068472930,2005-05-05,100,5
10068912581,2005-05-31,34.38,5
10068912581,2006-06-24,53.51,5
10068974043,2005-05-22,104.21,5
10068978715,2005-05-31,24.5,5
10068978715,2010-01-14,49.5,5
10069008561,2005-09-04,26.85,5
10069008561,2005-05-24,12,5
10069008561,2005-11-02,215,5
10069008561,2005-11-25,24.21,5
10069008561,2006-11-06,64.94,5
10069008561,2007-08-16,20.75,5
10069008561,2007-09-27,32.69,5
10069008561,2007-10-01,17.69,5
10069008561,2007-10-04,17.69,5
10069008561,2007-11-02,8.5,5
10069008561,2008-02-11,9,5
10069008561,2008-04-07,19.93,5
10069008561,2008-11-07,47.5,5
10069008561,2009-09-10,19,5
10069008561,2005-10-06,94.5,5
10069008561,2005-12-06,94.5,5
10069008561,2010-03-22,20.78,5
10069008561,2010-10-02,98.5,5
10069008561,2011-09-14,297.5,5
10069008561,2012-08-06,173.26,5
10069008561,2012-08-16,12.47,5
10069008561,2012-09-11,93.24,5
10069276705,2007-09-19,78.8,5
10069276705,2005-05-21,150.62,5
10069276705,2005-11-10,198.29,5
10069276705,2006-06-15,9.25,5
10069689764,2005-05-24,50,5
10070198308,2005-05-02,50,5
10070198308,2009-09-12,23.5,5
10070520389,2005-05-08,72.5,5
10070885726,2005-05-25,39.5,5
10071039703,2005-05-27,12.5,5
10071131302,2005-05-05,439.8,5
10071131302,2005-07-29,460,5
10071131302,2005-08-03,89,5
10071171423,2005-05-12,60,5
10071461691,2005-05-25,102.5,5
10071993435,2005-05-11,124.96,5
10072051673,2005-05-29,62.85,5
10072083775,2005-05-25,14.95,5
10072179771,2005-05-25,31.5,5
10072201211,2005-05-28,10,5
10072308790,2005-05-13,141.68,5
10072432921,2005-05-01,363.6,5
10072434001,2005-05-01,22.89,5
10072435652,2005-05-01,35,5
10072436708,2005-05-01,57,5
10072438498,2005-05-01,22,5
10072438597,2005-05-01,634.95,5
10072438597,2006-04-20,31,5
10072438597,2005-11-08,112.4,5
10072441535,2005-05-02,123,5
10072441535,2006-12-24,442.3,5
10072444849,2005-05-02,35,5
10072445396,2005-05-02,16,5
10072448762,2005-05-02,35,5
10072448770,2005-05-02,10.25,5
10072448770,2009-11-26,9.85,5
10072449974,2005-05-02,18.75,5
10072450643,2005-05-02,18.6,5
10072450643,2006-12-06,185.5,5
10072452994,2005-05-03,54.78,5
10072455543,2005-05-03,49.25,5
10072456385,2005-05-18,232.1,5
10072456401,2005-05-03,80.65,5
10072456401,2006-04-06,27.06,5
10072456541,2005-05-03,66,5
10072457284,2005-05-03,140,5
10072457284,2007-02-01,71.87,5
10072457284,2007-05-22,78.33,5
10072457284,2007-11-09,57.48,5
10072457284,2008-09-09,106.29,5
10072457284,2008-11-17,84.79,5
10072457284,2008-12-03,34.66,5
10072457284,2009-03-28,120,5
10072457284,2009-08-25,15.3,5
10072457284,2009-11-27,34.42,5
10072457284,2010-02-13,99,5
10072457284,2010-12-08,19.6,5
10072457284,2010-12-12,50,5
10072457357,2005-05-03,29,5
10072457943,2005-05-03,49.25,5
10072458009,2005-05-03,10,5
10072458472,2005-05-03,140,5
10072459131,2005-05-03,53.24,5
10072460979,2005-05-03,17.11,5
10072461211,2005-05-03,72.67,5
10072461442,2005-05-03,64.88,5
10072461779,2005-05-03,65.6,5
10072462094,2005-05-03,212.62,5
10072462959,2005-05-03,5.85,5
10072463034,2005-05-03,22.6,5
10072463175,2005-05-03,41.73,5
10072465037,2005-05-03,100,5
10072468033,2005-05-04,95.5,5
10072473437,2005-05-04,58.05,5
10072473513,2005-05-04,19.24,5
10072473578,2005-05-04,18,5
10072474137,2005-05-04,35,5
10072474781,2005-05-04,53.45,5
10072474781,2005-11-12,113.3,5
10072474963,2005-05-04,60.5,5
10072475070,2005-05-04,107,5
10072475252,2005-05-04,126.12,5
10072475252,2006-05-01,55.35,5
10072475335,2005-05-04,48.4,5
10072475335,2005-05-26,62.35,5
10072478694,2005-05-05,35,5
10072479987,2005-05-05,19.85,5
10072480161,2005-05-05,347.56,5
10072480161,2005-05-06,171.16,5
10072480787,2005-05-05,178.98,5
10072481524,2005-05-05,58.25,5
10072481539,2005-05-05,101.9,5
10072483322,2005-05-05,48,5
10072483322,2006-05-05,63,5
10072483322,2006-05-17,63,5
10072483322,2007-04-06,56.7,5
10072483322,2007-04-20,12.5,5
10072483767,2005-05-05,12.5,5
10072483782,2005-05-05,27,5
10072484542,2005-05-05,37.2,5
10072485764,2005-05-05,45,5
10072485764,2005-05-23,232.69,5
10072485764,2005-12-03,15,5
10072485919,2005-05-05,24.7,5
10072485919,2009-11-22,247.5,5
10072487140,2005-05-05,7.6,5
10072489673,2005-05-06,37.8,5
10072490348,2005-05-06,10,5
10072493626,2005-05-06,199.5,5
10072493748,2005-05-06,450.36,5
10072493748,2005-06-07,40,5
10072493748,2006-06-16,428,5
10072493748,2006-06-18,239,5
10072493927,2005-05-06,9.05,5
10072494159,2005-05-06,24.75,5
10072494630,2005-05-06,20,5
10072498896,2005-05-07,56,5
10072498904,2005-05-07,2666.84,5
10072499143,2005-05-07,326.11,5
10072499425,2005-05-07,23.75,5
10072500149,2005-05-07,34.38,5
10072500745,2005-05-07,107,5
10072501527,2005-05-07,150.5,5
10072504390,2005-05-08,28.5,5
10072504679,2005-05-08,70,5
10072507154,2005-05-08,35,5
10072507493,2005-05-08,22.6,5
10072510849,2005-05-09,20.45,5
10072510849,2005-09-15,26.54,5
10072511420,2005-05-09,35,5
10072512006,2005-05-09,22,5
10072513251,2005-05-09,12.5,5
10072516023,2005-05-09,9.05,5
10072516171,2005-05-09,195,5
10072521797,2005-05-10,62.5,5
10072521797,2005-05-25,62.5,5
10072522591,2005-05-10,152.63,5
10072523135,2005-05-10,7.5,5
10072523341,2005-05-10,116.25,5
10072524289,2005-05-10,108,5
10072526336,2005-05-10,33.75,5
10072526509,2005-05-10,79,5
10072526558,2005-05-10,53.5,5
10072529356,2005-05-11,41.5,5
10072530396,2005-05-11,152.63,5
10072531014,2005-05-11,21,5
10072533200,2005-05-11,22.89,5
10072533809,2005-05-11,75,5
10072534090,2005-05-11,27.54,5
10072534223,2005-05-11,24.8,5
10072534280,2005-05-11,22.5,5
10072535023,2005-05-11,5.85,5
10072535080,2005-05-11,184.03,5
10072535304,2005-05-11,25.31,5
10072536458,2005-05-12,9.98,5
10072539314,2005-05-12,70,5
10072539314,2005-05-29,34.38,5
10072539363,2005-05-12,303.93,5
10072539363,2009-02-20,30,5
10072539363,2005-06-06,300.68,5
10072539387,2005-05-12,32.44,5
10072539387,2011-11-07,55.8,5
10072540088,2005-05-12,25,5
10072540155,2005-05-12,107,5
10072540155,2007-11-26,75,5
10072540155,2008-02-11,45,5
10072541458,2005-05-12,287.42,5
10072541458,2005-05-31,73.42,5
10072541458,2005-07-03,160.5,5
10072541458,2006-05-23,34.38,5
10072541458,2007-04-23,417.48,5
10072541458,2007-05-01,92.42,5
10072541458,2009-06-04,27.5,5
10072541961,2005-05-12,120,5
10072542110,2005-05-12,295.51,5
10072544445,2005-05-13,140,5
10072545509,2005-05-24,15,5
10072547109,2005-05-13,22,5
10072547556,2005-05-13,33.85,5
10072547835,2005-05-13,22,5
10072548388,2005-05-13,23.75,5
10072549915,2005-05-13,26.6,5
10072552067,2005-05-14,91.17,5
10072554023,2005-05-14,33.3,5
10072554023,2006-08-07,30,5
10072554023,2011-09-26,114.81,5
10072554023,2012-03-11,26.77,5
10072554551,2005-05-14,106.5,5
10072554838,2005-05-14,32.55,5
10072555969,2005-05-14,30,5
10072558751,2005-05-15,166.5,5
10072558751,2005-06-18,258.62,5
10072559064,2005-05-15,34.79,5
10072559838,2005-05-15,22.89,5
10072564402,2005-05-16,40,5
10072565936,2005-05-16,21,5
10072569121,2005-05-16,27,5
10072569368,2005-05-16,29,5
10072570004,2005-05-16,250,5
10072570548,2005-05-16,24.75,5
10072570697,2005-05-16,94.2,5
10072572356,2005-05-17,125,5
10072574773,2005-05-17,107,5
10072575868,2005-05-17,12.5,5
10072576141,2005-05-17,70.54,5
10072577890,2005-05-17,12.5,5
10072577890,2005-12-16,329.47,5
10072578460,2005-05-17,46.35,5
10072582189,2005-05-18,34.95,5
10072582189,2005-12-10,25.8,5
10072582512,2005-05-18,100,5
10072583163,2005-05-18,22.6,5
10072583518,2005-05-18,27,5
10072583518,2007-07-25,12.5,5
10072583518,2011-11-30,9.5,5
10072586265,2005-05-18,25.8,5
10072591872,2005-05-19,22.6,5
10072592070,2005-05-19,24.8,5
10072592541,2005-05-19,23.24,5
10072593250,2005-05-19,30,5
10072593333,2005-05-19,81.1,5
10072593333,2008-03-11,213,5
10072594455,2005-05-19,80.65,5
10072594703,2005-05-19,11.75,5
10072599768,2005-05-20,48,5
10072600237,2005-05-20,103.25,5
10072600824,2005-05-20,25,5
10072601725,2005-05-20,26.64,5
10072603398,2005-05-20,22.6,5
10072604387,2005-05-20,10.75,5
10072608274,2005-05-21,322,5
10072608274,2005-11-16,66.24,5
10072608529,2005-05-21,20,5
10072608834,2005-05-21,306.52,5
10072609470,2005-05-21,19.5,5
10072610987,2005-05-21,77.84,5
10072610987,2005-06-24,46,5
10072613034,2005-05-21,31.5,5
10072615766,2005-05-22,21,5
10072616077,2005-05-22,41,5
10072616152,2005-05-22,11,5
10072616285,2005-05-22,16.7,5
10072616376,2005-05-22,23.24,5
10072616392,2005-05-22,22.5,5
10072616392,2006-06-20,69.95,5
10072616392,2008-05-24,65,5
10072617275,2005-05-22,58.27,5
10072617275,2005-10-13,42.45,5
10072617275,2007-11-18,55.3,5
10072617275,2010-12-12,498.27,5
10072618182,2005-05-22,69,5
10072618338,2005-05-22,17,5
10072621243,2005-05-23,89.98,5
10072624345,2005-05-23,100,5
10072626086,2005-05-23,61.73,5
10072626777,2005-05-23,27.2,5
10072626777,2007-01-19,44.14,5
10072627191,2005-05-23,46.45,5
10072628322,2005-05-23,34.38,5
10072629228,2005-05-23,76,5
10072629567,2005-05-23,19.95,5
10072635251,2005-05-24,37,5
10072635350,2005-05-24,11.88,5
10072635616,2005-05-24,24.52,5
10072635952,2005-05-24,147,5
10072636439,2005-05-24,19.24,5
10072637125,2005-05-24,31.36,5
10072638453,2005-05-24,22.39,5
10072638568,2005-05-24,39.06,5
10072639220,2005-05-24,10.25,5
10072640004,2005-05-24,38.89,5
10072640004,2005-12-08,31.5,5
10072641515,2005-05-25,41.73,5
10072643404,2005-05-25,38.75,5
10072645630,2005-05-25,14.96,5
10072645918,2005-05-25,1.65,5
10072646621,2005-05-25,60.77,5
10072647040,2005-05-25,22.6,5
10072647694,2005-05-25,18,5
10072647848,2005-05-25,56.95,5
10072649096,2005-05-25,34.4,5
10072651438,2005-05-25,41.21,5
10072651563,2005-05-25,13,5
10072655687,2005-05-26,143.7,5
10072655713,2005-05-26,22.89,5
10072656604,2005-05-26,13,5
10072657519,2005-05-26,22.6,5
10072657602,2005-05-26,10.73,5
10072657610,2005-05-26,21,5
10072657717,2005-05-26,13,5
10072657717,2007-11-28,41,5
10072658319,2005-05-26,44.98,5
10072658451,2005-05-26,19,5
10072658699,2005-05-26,52.17,5
10072658748,2005-05-26,52.17,5
10072659869,2005-05-26,29.92,5
10072659869,2006-02-17,99,5
10072659869,2007-02-01,12.5,5
10072660117,2005-05-26,116.5,5
10072660572,2005-05-26,90.45,5
10072661083,2005-05-26,54,5
10072662305,2005-05-26,3,5
10072667411,2005-05-27,22.89,5
10072667937,2005-05-27,8.3,5
10072668120,2005-05-27,22.5,5
10072668870,2005-05-27,34.38,5
10072669110,2007-12-05,99.4,5
10072669110,2008-09-27,121,5
10072669110,2005-06-04,89,5
10072669110,2007-02-20,90,5
10072669110,2007-08-14,249.76,5
10072669110,2007-09-08,65.5,5
10072669110,2007-11-15,114,5
10072669110,2008-12-04,63.76,5
10072669110,2005-05-27,89,5
10072669110,2005-07-06,49.2,5
10072669110,2005-07-15,22,5
10072670801,2005-05-27,85,5
10072672056,2005-05-27,21.95,5
10072672056,2005-07-25,27.08,5
10072672684,2005-05-27,51.14,5
10072672684,2006-03-27,71.95,5
10072674018,2005-05-27,374,5
10072674018,2005-09-20,70.4,5
10072676469,2005-05-28,175,5
10072676824,2005-05-28,20.45,5
10072677780,2005-05-28,9,5
10072678540,2005-05-28,11.75,5
10072681635,2005-05-29,23.75,5
10072681742,2005-05-29,28.1,5
10072683243,2005-05-29,26.82,5
10072683243,2007-02-08,245.08,5
10072683243,2010-01-04,13.91,5
10072683852,2005-05-29,96,5
10072686864,2005-05-30,184,5
10072686864,2005-05-31,182.5,5
10072686864,2009-11-03,136.56,5
10072686864,2011-07-20,13.8,5
10072686864,2011-08-15,62.88,5
10072687310,2005-05-30,10.25,5
10072687805,2005-05-30,106.73,5
10072688983,2005-05-30,234.7,5
10072689553,2005-05-30,30.96,5
10072689832,2005-05-30,139.44,5
10072691177,2005-05-30,15,5
10072691393,2005-05-30,62.72,5
10072693316,2005-05-31,52.17,5
10072693621,2005-05-31,140,5
10072695269,2005-05-31,11.7,5
10072696738,2005-05-31,22.4,5
10072696778,2005-05-31,4.7,5
10072696895,2005-05-31,235,5
10072698998,2005-05-31,27.5,5
10072698998,2009-12-21,21.6,5
10072699552,2005-05-31,22.89,5
10072699831,2005-05-31,224.94,5
10072700154,2005-05-31,47,5
10072700493,2005-05-31,18.48,5
10072701119,2005-05-31,122.4,5
9991331097,2005-05-12,24.5,5
9991375169,2006-08-18,30,5
9991375169,2005-05-11,25,5
9991375169,2005-10-06,12,5
9991375169,2008-05-23,30,5
9991375169,2009-08-17,45,5
9991375169,2010-02-23,42.5,5
9991375169,2010-11-04,60.61,5
9991375169,2011-01-04,29.1,5
9992645463,2006-11-16,70,5
9992645463,2005-05-24,134.21,5
9992645463,2006-08-10,321.95,5
9992645463,2008-05-29,24,5
9992873922,2005-05-18,87,5
9992873922,2006-11-29,54.5,5
9993280335,2005-05-03,25.8,5
9993280335,2006-11-14,30,5
9993676243,2005-05-24,120.52,5
9993676243,2005-09-08,95.88,5
9995680358,2005-05-27,60,5
9995680358,2009-09-10,72,5
9995680358,2010-03-24,68,5
9996099053,2005-05-01,31.36,5
9997473556,2005-05-31,59,5
9997473556,2008-09-27,44.1,5
9998025272,2007-02-14,43,5
9998025272,2005-05-25,42.5,5
9998025272,2007-02-02,8.9,5
9998025272,2007-10-22,9.57,5
9998025272,2009-11-05,15.3,5
9998025272,2010-11-08,20.05,5
10000047646,2005-06-15,68.7,6
10000220934,2006-06-10,71.6,6
10000220934,2007-04-16,24,6
10000220934,2007-06-20,60,6
10000220934,2008-03-10,44.45,6
10000220934,2005-06-01,10,6
10000368840,2005-06-16,10,6
10000368840,2008-11-24,36.54,6
10000479895,2005-06-15,29,6
10000544500,2005-12-17,36.74,6
10000544500,2005-06-13,62.75,6
10001133253,2005-06-21,22.5,6
10001133253,2008-08-17,22.5,6
10001197165,2005-06-19,41.3,6
10001663933,2005-06-20,45,6
10002592627,2005-06-20,7.33,6
10002592627,2007-12-04,121,6
10002592627,2010-03-02,311,6
10002868928,2005-06-15,14.79,6
10002868928,2007-06-12,46.2,6
10002959060,2005-06-09,31.36,6
10002959060,2006-03-06,31.36,6
10002959060,2007-02-15,79,6
10002959060,2009-09-30,12.6,6
10004012363,2005-06-16,19.5,6
10004918642,2005-06-01,26,6
10004918642,2007-08-08,60,6
10005696269,2005-06-27,75.62,6
10005696269,2011-10-07,32.4,6
10006326100,2005-06-05,302.21,6
10006326100,2008-12-06,47.43,6
10006556778,2005-06-13,20,6
10006836791,2005-06-29,177,6
10006916890,2005-06-16,34.95,6
10006916890,2007-03-14,25.8,6
10007274646,2005-06-07,19,6
10007274646,2007-06-06,30,6
10007274646,2007-11-07,47.5,6
10007274646,2008-11-15,138.45,6
10008167137,2006-08-21,36.61,6
10008167137,2005-06-10,770,6
10011605488,2005-06-18,50,6
10012354168,2005-06-06,20,6
10012354168,2006-06-10,61.56,6
10013298555,2005-06-09,25,6
10013519860,2005-06-02,29,6
10013519860,2005-11-29,13.18,6
10013519860,2007-01-27,53.45,6
10013519860,2007-08-15,18.5,6
10013519860,2009-08-06,18,6
10013629478,2005-06-13,54.86,6
10013629478,2006-02-21,15.07,6
10013629478,2007-12-30,56.97,6
10013889593,2007-12-13,44.95,6
10013889593,2005-06-13,62.5,6
10013889593,2006-12-09,14.99,6
10013889593,2010-12-15,18.56,6
10014465510,2005-06-24,18,6
10014465510,2005-12-15,12.5,6
10014465510,2006-02-24,82.9,6
10014465510,2006-11-08,62.5,6
10014465510,2007-11-02,28.35,6
10014465510,2008-11-08,44.95,6
10014465510,2009-02-19,38.97,6
10014465510,2006-04-14,32,6
10014465510,2007-02-15,59.9,6
10017284328,2006-12-05,50,6
10017284328,2006-12-08,242,6
10017284328,2005-06-17,89.91,6
10017284328,2006-04-05,195,6
10017284328,2006-11-28,185.98,6
10017284328,2006-12-15,292.34,6
10017284328,2007-01-04,185.43,6
10017284328,2008-05-17,155,6
10017284328,2008-06-07,102.85,6
10017284328,2008-07-06,50,6
10017284328,2009-02-15,45,6
10017284328,2009-09-10,13.5,6
10017284328,2010-02-17,71.85,6
10017284328,2010-06-28,158.99,6
10017284328,2010-09-04,199.26,6
10017284328,2011-02-16,236.25,6
10017284328,2011-03-29,33.19,6
10017284328,2011-04-25,19.19,6
10017284328,2012-01-26,51.03,6
10017284328,2012-09-07,106.25,6
10017357680,2005-06-20,31.5,6
10017357680,2006-06-09,14.96,6
10017357680,2006-06-22,14.96,6
10017901097,2005-11-14,30.17,6
10017901097,2008-07-31,22.6,6
10017901097,2005-06-30,22.6,6
10017901097,2011-04-01,10.25,6
10017901097,2011-12-26,45,6
10017975257,2005-11-26,176.38,6
10017975257,2005-06-17,50.04,6
10017975257,2007-09-24,62.35,6
10017975257,2007-11-12,197.09,6
10017975257,2009-12-21,19.5,6
10017975257,2010-01-07,44.12,6
10017975257,2011-01-24,353.14,6
10018010823,2005-06-18,35.23,6
10018189838,2005-06-03,100.75,6
10018189838,2005-12-09,72.02,6
10018344981,2005-06-01,12.5,6
10018451326,2005-06-30,28,6
10018451326,2005-10-05,15,6
10018509569,2005-06-07,33.95,6
10018764346,2007-11-06,19.19,6
10018764346,2005-06-21,12.5,6
10019139110,2005-09-06,64.21,6
10019139110,2005-06-13,28,6
10020257891,2005-06-28,40,6
10020257891,2008-01-26,29,6
10020458251,2005-06-14,39.84,6
10020622632,2005-06-16,35.77,6
10020711418,2005-06-01,87.5,6
10020711418,2005-06-03,235,6
10020711418,2009-05-15,47.5,6
10021420531,2005-06-03,106.5,6
10021420531,2007-06-01,14.4,6
10021420531,2007-08-16,42.03,6
10021420531,2011-11-29,83.14,6
10022849382,2007-03-13,64.4,6
10022849382,2008-09-02,235,6
10022849382,2008-09-26,135.15,6
10022849382,2006-05-10,34.5,6
10022849382,2008-01-09,335.5,6
10022849382,2005-06-01,250,6
10022955979,2005-06-15,60.77,6
10022955979,2005-11-29,15.85,6
10022955979,2010-09-17,24,6
10022955979,2011-11-11,28,6
10023108909,2005-06-14,30,6
10023135145,2010-01-23,235,6
10023135145,2005-06-09,268,6
10023773672,2005-06-16,54.95,6
10024035170,2005-06-17,33.95,6
10024035170,2007-05-30,94.15,6
10024035170,2011-05-20,14.98,6
10026930928,2005-06-06,46,6
10026930928,2005-06-27,45,6
10028563624,2005-06-10,25.4,6
10028563624,2006-05-06,12,6
10029415359,2005-06-22,36,6
10029415359,2007-04-18,80,6
10029415359,2007-05-06,13.88,6
10029415359,2008-07-15,23.81,6
10029415359,2008-11-17,162.77,6
10029415359,2009-03-08,23.75,6
10029875849,2008-07-28,169,6
10029875849,2005-06-01,169,6
10030153124,2005-06-13,39.06,6
10030153124,2007-01-03,135.45,6
10030718916,2005-06-02,69.94,6
10031753054,2006-11-26,14.87,6
10031753054,2005-06-16,24.2,6
10032337071,2005-06-20,25.31,6
10032337071,2006-05-25,20,6
10034373759,2007-02-07,22.23,6
10034373759,2005-06-14,34.65,6
10034373759,2006-11-03,17.5,6
10034373759,2007-03-18,75,6
10034422548,2005-06-21,52.5,6
10034422548,2008-01-08,34.2,6
10034422548,2008-08-14,16.71,6
10035033321,2005-06-20,374,6
10035033321,2005-11-16,32.4,6
10036400089,2005-06-19,35,6
10036716567,2005-06-16,60,6
10038861595,2005-06-11,42.35,6
10039178106,2005-06-01,46.68,6
10039178106,2009-08-17,27.5,6
10039240632,2007-12-15,76.58,6
10039240632,2005-06-28,235,6
10039240632,2010-04-26,21,6
10040459929,2005-06-15,44.97,6
10040459929,2006-05-21,78.28,6
10040459929,2007-01-10,27.95,6
10040756822,2005-06-14,49.5,6
10041001253,2005-06-16,35,6
10041593874,2005-06-16,65,6
10041639680,2005-06-15,32.09,6
10041639680,2008-11-29,30.6,6
10042661806,2005-06-03,5.85,6
10042661806,2006-02-23,27,6
10042661806,2007-12-06,78,6
10042839115,2005-06-17,42.8,6
10042987302,2005-06-04,177,6
10042987302,2007-03-11,177,6
10043149991,2005-06-15,35.73,6
10043149991,2007-12-14,12,6
10043235073,2005-06-13,33.95,6
10044664296,2005-06-18,30,6
10044664296,2005-07-02,30,6
10044959473,2008-02-21,8.9,6
10044959473,2005-06-16,38.18,6
10044959473,2005-12-05,25,6
10044959473,2008-10-28,79.35,6
10045795494,2005-06-17,33.8,6
10046045602,2005-12-07,38.95,6
10046045602,2005-06-15,15.2,6
10046045602,2007-07-02,25.53,6
10046218456,2005-06-06,104.21,6
10046218456,2007-12-06,298.19,6
10046218456,2008-05-17,67.39,6
10046218456,2009-05-04,30,6
10046218456,2009-07-16,15,6
10046218456,2010-12-09,22.5,6
10046218456,2011-02-14,32.96,6
10046218456,2011-09-08,65.43,6
10046218975,2005-06-07,512.58,6
10046218975,2011-07-29,62,6
10046218975,2012-02-24,63,6
10047569171,2005-06-01,20,6
10047664119,2005-06-06,54,6
10048473364,2005-06-08,75,6
10048981762,2005-11-10,29.25,6
10048981762,2005-06-04,41,6
10048981762,2006-07-07,22.5,6
10049153650,2005-06-17,71.6,6
10049153650,2005-07-10,223.27,6
10049153650,2008-01-03,94,6
10049153650,2010-11-28,149,6
10049153650,2012-07-08,67.7,6
10049728170,2005-06-15,22.5,6
10049738385,2005-06-13,79,6
10050502258,2005-06-26,17,6
10050674709,2005-06-26,108.5,6
10050860968,2005-06-20,77.6,6
10050860968,2006-05-11,210,6
10050860968,2008-04-02,73.96,6
10051095598,2005-06-20,69,6
10051095598,2006-11-12,73.5,6
10051864877,2005-06-01,131.9,6
10051864877,2006-05-17,36,6
10052160262,2005-06-27,76.85,6
10052183847,2005-06-25,13,6
10052183847,2005-12-03,10.25,6
10052183847,2011-02-08,17.95,6
10052207261,2005-06-02,9.6,6
10052648339,2005-06-24,12,6
10052840317,2005-06-20,216.5,6
10053715789,2007-12-15,34.75,6
10053715789,2005-06-17,14.96,6
10053715789,2005-07-17,278.96,6
10053715789,2005-07-29,39.76,6
10053715789,2006-05-23,31.72,6
10053715789,2008-03-09,35.25,6
10053715789,2010-05-25,37.99,6
10053715789,2010-12-08,75.7,6
10054911017,2005-06-22,40,6
10054943715,2005-06-24,46,6
10054983364,2005-06-28,32.5,6
10055331926,2005-06-04,56.45,6
10055428896,2005-06-14,40,6
10055428896,2005-11-09,39,6
10055428896,2007-01-28,52.5,6
10055465187,2005-06-04,76.25,6
10055503626,2005-06-06,36.25,6
10055503626,2005-11-06,11,6
10055558528,2005-06-22,13,6
10055586908,2005-06-12,18.73,6
10055586908,2006-03-11,29.84,6
10055586908,2007-06-14,13.73,6
10055586908,2009-09-13,95,6
10055586908,2009-07-29,47.58,6
10055674539,2005-06-10,190,6
10055982274,2005-06-21,39.03,6
10056417914,2005-06-12,12.05,6
10056442343,2005-06-29,83.79,6
10056442343,2006-10-02,42.6,6
10056490705,2005-06-01,91.7,6
10056750983,2005-06-15,29.92,6
10056750983,2006-10-15,34,6
10056750983,2008-01-05,24,6
10056750983,2008-08-27,80,6
10056750983,2009-04-19,22,6
10056833409,2005-06-03,80.83,6
10056833409,2010-10-07,41.56,6
10056833409,2012-07-05,61,6
10056875863,2005-06-11,73.5,6
10056930355,2005-06-17,61.73,6
10056930355,2010-10-18,29,6
10056988787,2005-06-12,9,6
10056988787,2006-07-25,189,6
10057119156,2005-06-08,31.5,6
10057459897,2005-06-13,19.5,6
10057461903,2005-06-04,399,6
10057647923,2005-06-17,150,6
10057647923,2010-01-12,54.5,6
10057647923,2006-08-17,84.96,6
10057912485,2005-06-26,49,6
10057912485,2005-11-30,10.43,6
10057912485,2005-12-30,23.1,6
10057912485,2007-12-07,62.68,6
10057912485,2009-08-04,126.1,6
10057912485,2009-12-10,98,6
10057912485,2009-12-30,75.5,6
10057912485,2010-01-16,20,6
10057968237,2005-06-03,145.5,6
10057968237,2007-06-13,67.75,6
10058313277,2005-06-19,18.6,6
10058313277,2005-06-26,30.96,6
10058351269,2005-06-03,45.2,6
10058376250,2005-06-22,33.85,6
10058376250,2005-09-08,14.15,6
10058376250,2005-09-21,14.15,6
10058376250,2009-11-03,18.04,6
10058457108,2005-06-24,46,6
10058582518,2005-06-17,125.48,6
10058582518,2008-05-22,123.14,6
10058582518,2009-06-09,10,6
10058582518,2011-11-03,59.75,6
10058726577,2005-06-26,22.61,6
10058726577,2006-04-05,79.5,6
10058798691,2005-12-13,37.06,6
10058798691,2005-06-18,38.02,6
10058798691,2005-12-10,13.82,6
10058798691,2005-12-18,6.91,6
10058992219,2005-06-10,94.8,6
10059196497,2005-06-14,9,6
10059579233,2005-06-16,19.5,6
10059637129,2005-06-14,9.85,6
10059684453,2005-06-22,33,6
10059684453,2006-07-05,12.1,6
10059928833,2005-06-16,207,6
10060057221,2005-06-08,87.5,6
10060177514,2005-06-13,17.5,6
10060177514,2005-11-20,45,6
10060177514,2006-01-11,9.17,6
10060177514,2006-03-09,7.5,6
10060177514,2006-11-08,16,6
10060177514,2008-02-15,12.75,6
10060177514,2008-09-11,10.8,6
10060622675,2005-06-17,27.49,6
10060622675,2009-12-09,37.48,6
10060651005,2005-06-12,19.24,6
10060697534,2005-06-08,81.83,6
10060697534,2007-01-17,24,6
10060697534,2007-10-08,255.16,6
10060697534,2007-11-02,9.8,6
10060697534,2007-11-30,29.5,6
10060697534,2008-03-09,10,6
10060697534,2008-07-08,129.5,6
10060697534,2008-08-09,54.48,6
10060697534,2008-12-05,39.5,6
10060697534,2009-04-02,40,6
10060818982,2005-06-13,138.9,6
10060839707,2005-06-10,13,6
10061102453,2005-06-04,156,6
10061236548,2005-06-05,24.8,6
10061236548,2005-06-09,24.8,6
10061236548,2006-06-05,24.8,6
10061236548,2010-05-12,281.64,6
10061397192,2005-06-23,20,6
10061397192,2005-12-08,153.5,6
10061397192,2007-02-08,53.5,6
10061397192,2008-09-24,202.63,6
10061397192,2008-09-30,220,6
10061397192,2008-12-16,27.26,6
10061397192,2009-12-05,124.26,6
10061397192,2010-11-08,72,6
10061411638,2005-06-03,20,6
10061411638,2007-02-21,10.23,6
10061411638,2009-05-02,24,6
10061411638,2011-10-18,75,6
10061470767,2009-06-05,50.93,6
10061470767,2005-06-02,63.52,6
10061470767,2011-08-01,9.5,6
10061520885,2005-06-16,127,6
10061520885,2006-07-26,103.97,6
10061520885,2009-04-15,57.5,6
10061520885,2009-11-17,33.5,6
10061520885,2010-11-02,129.48,6
10061528054,2006-05-06,45,6
10061528054,2007-10-30,31.5,6
10061528054,2007-12-07,62.39,6
10061528054,2008-05-09,22,6
10061528054,2008-05-28,24,6
10061528054,2008-07-14,105.75,6
10061528054,2009-11-19,35,6
10061528054,2005-06-06,38.21,6
10061528054,2006-05-20,263.24,6
10061528054,2006-10-14,29.25,6
10061528054,2006-12-03,81.96,6
10061528054,2007-08-11,49.2,6
10061528054,2008-03-24,112.04,6
10061528054,2010-12-11,133.19,6
10061782971,2005-06-14,13,6
10061782971,2006-12-15,63.5,6
10061793926,2005-06-01,14.96,6
10061979098,2005-06-13,23.25,6
10061979098,2007-02-12,30.75,6
10061979098,2008-07-14,18,6
10062113681,2005-06-27,38.85,6
10062113681,2007-09-13,138.36,6
10062113681,2006-03-24,91.6,6
10062265885,2005-06-15,47.6,6
10062333453,2005-06-17,23,6
10062333453,2006-05-26,21.16,6
10062546319,2005-06-06,23,6
10062546319,2005-07-31,27.24,6
10062546319,2005-11-16,14.5,6
10062546319,2011-08-01,19.5,6
10062546319,2011-09-13,111.7,6
10062546319,2011-10-24,17.7,6
10062546319,2012-05-14,286.21,6
10062779241,2005-06-06,25.75,6
10062779241,2008-10-03,34.85,6
10062779241,2009-12-02,30.1,6
10062779241,2010-12-15,58,6
10062869430,2005-06-22,260.86,6
10062869430,2005-08-03,104.21,6
10062869430,2005-12-06,34.3,6
10062869430,2011-11-01,20,6
10063386870,2005-06-21,36,6
10063386870,2005-09-19,19.24,6
10063386870,2005-10-18,59,6
10063496338,2005-06-15,64.32,6
10063496338,2005-07-11,29,6
10063533893,2005-06-17,114.95,6
10063533893,2007-11-19,48.5,6
10063547102,2005-06-14,30,6
10063547102,2005-07-15,49.82,6
10063655597,2005-06-02,40,6
10063859785,2005-06-12,5.85,6
10064338335,2005-06-28,25.75,6
10064638980,2005-12-13,194.26,6
10064638980,2006-12-09,38,6
10064638980,2005-06-09,25,6
10064638980,2006-09-28,70.3,6
10064638980,2007-02-22,64.61,6
10064638980,2007-12-06,59.7,6
10064638980,2008-12-21,60.98,6
10064638980,2009-01-21,104.98,6
10064638980,2009-06-11,9.5,6
10064638980,2010-07-08,38.04,6
10064781780,2005-06-06,20.03,6
10064889747,2007-12-09,37.2,6
10064889747,2005-06-10,53,6
10064889747,2006-08-19,33.56,6
10065047157,2005-06-24,22.6,6
10065081841,2005-06-17,54.95,6
10065081841,2005-10-17,84,6
10065089108,2005-06-14,22.5,6
10065124684,2005-06-03,81.15,6
10065124684,2006-08-18,45.25,6
10065387785,2005-10-05,14.5,6
10065387785,2005-10-23,31.95,6
10065387785,2005-06-23,20.3,6
10065387785,2009-12-15,36.84,6
10065440279,2005-06-03,30,6
10065507698,2005-06-27,207.04,6
10065559592,2005-06-22,44.56,6
10065609693,2005-06-23,35,6
10065813245,2005-06-21,73.23,6
10065853606,2005-06-13,109.5,6
10065853606,2007-06-22,43.2,6
10065853606,2007-07-27,291.5,6
10066040385,2005-06-21,23,6
10066040385,2007-01-14,28.5,6
10066040385,2007-10-25,42,6
10066040385,2010-07-26,41.22,6
10066755214,2005-06-17,31.36,6
10066755214,2005-11-27,89,6
10066898986,2005-11-29,30,6
10066898986,2005-06-03,18.75,6
10066898986,2005-12-07,25.5,6
10066898986,2006-10-17,49.88,6
10066898986,2007-10-01,141.89,6
10066898986,2010-11-22,250,6
10067083967,2005-06-18,142.95,6
10067097901,2005-06-15,104.21,6
10067184280,2005-06-24,96,6
10067184280,2008-06-09,23,6
10067204476,2005-06-19,177,6
10067204476,2005-12-09,141.73,6
10067204476,2009-12-01,47.5,6
10067255461,2005-06-08,22.6,6
10067390793,2007-05-06,169.09,6
10067390793,2005-06-02,31.5,6
10067390793,2005-09-09,86.75,6
10067390793,2006-10-04,86.27,6
10067390793,2008-05-02,44,6
10067390793,2008-12-09,125.33,6
10067390793,2009-11-08,223.7,6
10067611810,2005-06-26,20.5,6
10067611810,2006-02-10,21,6
10067798813,2005-06-20,49,6
10067883114,2005-06-15,22.5,6
10067883114,2007-08-12,18.05,6
10068236064,2006-12-09,108.07,6
10068236064,2005-06-01,92.97,6
10068236064,2006-06-10,328.44,6
10068236064,2006-07-10,52.17,6
10068236064,2007-03-12,27,6
10068362761,2005-06-22,17.15,6
10068362761,2008-10-20,18.9,6
10068540118,2005-06-30,25.52,6
10068540118,2006-07-30,28.5,6
10068546711,2005-06-20,12.5,6
10068546711,2007-06-04,45,6
10068829371,2005-06-21,177.9,6
10068829371,2010-09-11,161.55,6
10068988102,2005-06-13,103,6
10068988102,2007-12-10,42,6
10069000261,2005-06-19,30,6
10069032512,2006-02-08,286.9,6
10069032512,2005-06-01,235,6
10069236978,2005-06-15,541.55,6
10069236978,2006-11-24,98.03,6
10069276835,2005-06-01,60.75,6
10069276835,2005-11-29,106,6
10069347199,2005-06-16,22.5,6
10069439962,2005-06-03,36.5,6
10069439962,2005-06-13,63,6
10069837949,2005-06-11,18,6
10070387616,2005-06-20,44.97,6
10070439795,2005-06-06,18.75,6
10070439795,2006-11-08,21.73,6
10070548909,2005-06-20,94.2,6
10070568471,2005-06-20,228.45,6
10070819006,2005-06-15,80.95,6
10070819006,2006-12-10,72.75,6
10070892373,2005-06-15,18,6
10070955816,2005-06-18,12.5,6
10070982299,2005-06-18,123.91,6
10071297497,2006-09-26,47.14,6
10071297497,2005-06-07,31.5,6
10071461707,2005-06-06,58.25,6
10071789214,2005-06-14,126.12,6
10071789214,2007-04-03,151.58,6
10071789214,2007-07-11,119.9,6
10071789214,2008-04-02,46.95,6
10071789214,2008-12-16,51.28,6
10071789214,2009-04-23,15.98,6
10071789214,2009-09-15,38.62,6
10072253904,2005-06-02,31.5,6
10072325523,2005-06-13,31.36,6
10072439397,2005-06-11,32.87,6
10072477092,2005-06-20,41.8,6
10072528523,2005-06-08,27,6
10072588087,2005-06-18,38.89,6
10072588087,2007-05-31,165,6
10072652767,2005-06-08,48,6
10072652767,2005-07-05,195,6
10072703744,2005-06-01,10.73,6
10072706341,2005-06-01,134.98,6
10072706341,2006-11-27,15.09,6
10072707001,2005-06-01,109.95,6
10072708807,2005-06-01,38.02,6
10072710862,2005-06-01,90,6
10072710862,2006-11-06,61.05,6
10072710862,2007-06-18,23.88,6
10072710862,2009-07-29,105.03,6
10072710862,2010-07-22,36,6
10072710862,2009-12-22,31,6
10072710862,2010-03-11,79.3,6
10072710862,2011-08-10,9,6
10072711399,2005-06-01,55.39,6
10072711399,2007-11-25,22.63,6
10072712157,2005-06-01,89,6
10072712365,2005-06-01,19.24,6
10072712900,2005-06-01,140,6
10072716489,2005-06-02,270,6
10072716721,2005-06-02,50.04,6
10072717711,2005-06-02,18,6
10072717711,2005-11-15,11.98,6
10072717711,2006-10-29,25.75,6
10072717711,2010-12-06,59.2,6
10072718594,2005-06-02,150,6
10072718980,2005-06-02,23.89,6
10072721101,2005-06-02,50,6
10072721431,2005-06-02,50,6
10072721431,2010-08-19,109.94,6
10072722216,2005-06-02,140,6
10072723742,2005-06-03,20.65,6
10072725490,2005-06-03,36,6
10072728205,2005-06-03,19,6
10072728304,2005-06-03,25.75,6
10072728543,2005-06-03,47.91,6
10072728642,2005-06-03,36,6
10072731365,2005-06-03,150,6
10072733106,2005-06-04,18,6
10072734400,2005-06-04,57.9,6
10072734400,2006-08-20,86.8,6
10072734400,2006-12-14,26.85,6
10072734400,2007-04-22,63,6
10072734408,2005-06-04,59.92,6
10072734457,2005-06-04,215,6
10072735802,2005-06-04,216.5,6
10072735917,2005-06-04,135,6
10072736000,2005-06-04,91.7,6
10072736562,2005-06-04,92,6
10072737651,2005-06-04,19.24,6
10072737659,2005-06-04,24,6
10072737915,2005-06-04,34.38,6
10072738657,2005-06-04,85,6
10072739715,2005-06-05,150,6
10072740291,2005-06-05,235,6
10072740307,2005-06-05,18,6
10072741627,2005-06-05,18,6
10072741760,2005-06-05,194.98,6
10072741808,2005-06-05,18.48,6
10072742461,2005-06-05,31.5,6
10072742610,2005-06-05,34.38,6
10072743459,2005-06-06,79,6
10072744440,2005-06-06,18,6
10072744539,2005-06-06,23.5,6
10072745365,2005-06-06,19.5,6
10072746223,2005-06-06,21,6
10072746462,2005-06-06,18,6
10072752254,2005-06-06,99.8,6
10072752377,2006-01-07,30.05,6
10072752377,2005-06-06,38.89,6
10072752377,2006-04-03,16.7,6
10072752377,2008-01-21,45,6
10072752403,2005-06-06,55.5,6
10072752741,2005-06-06,22.89,6
10072752757,2005-06-06,22.6,6
10072754489,2005-06-06,37.4,6
10072756693,2005-06-06,71.95,6
10072759794,2005-06-07,50.04,6
10072760083,2005-06-07,113.76,6
10072760083,2006-06-11,35.62,6
10072760998,2005-06-07,55.35,6
10072761643,2005-06-07,32.09,6
10072762626,2005-06-07,22.89,6
10072762788,2005-06-07,22,6
10072762806,2005-06-07,71.08,6
10072762822,2005-06-07,34.38,6
10072764884,2005-06-07,140,6
10072764884,2012-02-07,24.5,6
10072765256,2005-06-07,22.5,6
10072767484,2005-06-08,17.1,6
10072769999,2005-06-08,21.73,6
10072770454,2005-06-08,21.2,6
10072771823,2005-06-08,24.56,6
10072774620,2005-06-08,45,6
10072774792,2005-06-08,22.5,6
10072774792,2007-02-02,32,6
10072774792,2008-07-01,115.73,6
10072778976,2005-06-09,18,6
10072782077,2005-06-09,12.5,6
10072782582,2005-06-09,82.6,6
10072783842,2005-06-10,53.28,6
10072787474,2005-06-10,470,6
10072787490,2005-06-10,19,6
10072787490,2006-11-07,41,6
10072788712,2005-06-10,61.1,6
10072790526,2005-06-10,170.86,6
10072791019,2005-06-10,61.73,6
10072791019,2006-02-18,21,6
10072791308,2005-06-10,27,6
10072792769,2005-06-10,19.24,6
10072795919,2005-06-11,24.89,6
10072795919,2008-12-31,103.55,6
10072796117,2005-06-11,52.5,6
10072801917,2005-06-11,90,6
10072801958,2005-06-11,172.1,6
10072805729,2005-06-12,240,6
10072806529,2005-06-12,22.6,6
10072806563,2005-06-12,29.92,6
10072808228,2005-06-12,26,6
10072809112,2005-06-12,18.48,6
10072809401,2005-06-12,46.35,6
10072809401,2012-03-06,10.95,6
10072810159,2005-06-12,27,6
10072810242,2005-06-12,50,6
10072810573,2005-06-12,223,6
10072811225,2005-06-12,27.85,6
10072811225,2007-03-11,14.87,6
10072811324,2005-06-12,24.9,6
10072817287,2005-06-13,10.25,6
10072817287,2005-09-07,86.3,6
10072817427,2005-06-13,28,6
10072817594,2005-06-13,8.3,6
10072817594,2007-05-24,144.75,6
10072817667,2005-06-13,171,6
10072817667,2007-05-05,74.97,6
10072817667,2008-08-21,18.66,6
10072817742,2005-06-13,9.6,6
10072817889,2005-06-13,135,6
10072818493,2005-06-13,89,6
10072818493,2012-03-03,110,6
10072820101,2005-06-13,16.4,6
10072820241,2005-06-13,12.49,6
10072822089,2005-06-13,50.04,6
10072823542,2005-06-13,169.76,6
10072824011,2005-06-13,79,6
10072824341,2005-06-13,18,6
10072824407,2005-06-13,15,6
10072825076,2005-06-13,16.15,6
10072825157,2005-06-13,57.49,6
10072826007,2005-06-13,36,6
10072826074,2005-06-13,170,6
10072826074,2005-08-29,164.93,6
10072826074,2009-11-19,35,6
10072826181,2005-06-13,38.02,6
10072826181,2006-12-18,19,6
10072826181,2007-02-13,45.18,6
10072826288,2005-06-15,72.5,6
10072826288,2005-06-13,74.55,6
10072826379,2005-06-13,23.24,6
10072826379,2005-12-09,27.24,6
10072831428,2005-06-14,37.99,6
10072831428,2005-11-18,7.5,6
10072831428,2008-08-01,28.02,6
10072831428,2011-11-26,31.24,6
10072831478,2005-06-14,104,6
10072831478,2006-06-17,10,6
10072831478,2008-05-28,9.45,6
10072831478,2008-07-08,84.5,6
10072831478,2009-04-30,20.51,6
10072831478,2009-06-10,55.13,6
10072831478,2009-12-13,11.5,6
10072831478,2010-06-09,100,6
10072831478,2012-03-28,13.3,6
10072831478,2012-05-24,48.21,6
10072833054,2005-06-14,61.28,6
10072833632,2005-06-14,96,6
10072834802,2005-06-14,136.24,6
10072834802,2007-01-05,30,6
10072836255,2005-06-14,23.24,6
10072836586,2005-06-14,18,6
10072836790,2005-06-14,40,6
10072836956,2005-06-14,9,6
10072836956,2005-06-19,79.95,6
10072836956,2006-11-01,50,6
10072837277,2005-06-14,11,6
10072840604,2006-12-06,32.5,6
10072840604,2005-06-14,24,6
10072840604,2005-11-16,53.5,6
10072840604,2006-07-10,72.5,6
10072840604,2007-10-23,46.39,6
10072840604,2009-10-20,193.98,6
10072840604,2010-11-10,277.82,6
10072840711,2005-06-14,36.74,6
10072841047,2005-06-14,216.5,6
10072842063,2005-06-15,34.38,6
10072843004,2005-06-14,15,6
10072843077,2005-06-14,23.24,6
10072843803,2005-06-14,21,6
10072844571,2005-06-14,134.2,6
10072844571,2005-12-07,28.4,6
10072844571,2008-07-26,56.8,6
10072844745,2005-06-14,129.58,6
10072844745,2008-08-11,7.5,6
10072845916,2005-06-14,24.5,6
10072846137,2005-06-14,19.66,6
10072846246,2005-06-14,24,6
10072849892,2005-06-15,13.45,6
10072852096,2005-06-15,17.5,6
10072852096,2005-10-24,12.5,6
10072852096,2009-07-23,23.11,6
10072853167,2005-06-15,334.21,6
10072853217,2005-06-15,30,6
10072853573,2005-06-15,9,6
10072854091,2005-06-15,11.88,6
10072854132,2005-06-15,2.7,6
10072858942,2005-06-15,49,6
10072860354,2005-06-15,105,6
10072860427,2005-06-15,40.35,6
10072860427,2005-11-12,22.95,6
10072860635,2005-06-15,25.65,6
10072860635,2005-11-21,61.76,6
10072860701,2005-06-15,239.97,6
10072860701,2005-06-18,719.91,6
10072860701,2006-06-29,719.91,6
10072861245,2005-06-15,18,6
10072861592,2005-06-15,40.8,6
10072863447,2005-06-15,61.1,6
10072866318,2005-06-15,10,6
10072866318,2005-07-07,7.33,6
10072868232,2005-06-16,349,6
10072870937,2005-06-16,29,6
10072872019,2005-06-16,768.5,6
10072872019,2005-09-15,28.18,6
10072872019,2005-10-15,228.58,6
10072872019,2005-12-20,84.4,6
10072872019,2006-07-13,141.92,6
10072872019,2006-10-18,308.85,6
10072873058,2005-06-16,128.9,6
10072873058,2005-12-21,88.57,6
10072873058,2006-11-16,110.82,6
10072873058,2007-07-26,278.91,6
10072875542,2005-06-16,198.2,6
10072875558,2005-06-16,10.25,6
10072876243,2005-06-16,38.89,6
10072876384,2005-06-16,350,6
10072876384,2006-02-08,61,6
10072876812,2005-06-16,75,6
10072877010,2005-06-16,28,6
10072877325,2005-06-16,32.5,6
10072877976,2005-06-16,199.5,6
10072878265,2005-06-16,40,6
10072878265,2012-02-16,16.5,6
10072878265,2012-04-25,74.54,6
10072878899,2005-06-16,10,6
10072879047,2005-06-16,60.5,6
10072879222,2005-06-16,20.5,6
10072880029,2005-06-16,22.5,6
10072880029,2006-06-18,24.7,6
10072880029,2007-05-30,60,6
10072880029,2011-04-14,13.45,6
10072880071,2005-06-16,15,6
10072880467,2005-06-16,18.5,6
10072880501,2005-06-16,10.5,6
10072880501,2005-08-07,5.85,6
10072885434,2005-06-17,33,6
10072886292,2005-06-17,24.8,6
10072886539,2005-06-17,22.89,6
10072886886,2005-06-17,33.8,6
10072887926,2006-10-27,13.6,6
10072887926,2005-06-17,45.13,6
10072888856,2005-06-17,12.05,6
10072889013,2005-06-17,200,6
10072889127,2005-06-17,71.5,6
10072890623,2005-06-17,35.26,6
10072890623,2005-06-21,375,6
10072891801,2005-06-17,49.9,6
10072891926,2005-06-17,24.75,6
10072891926,2005-12-11,36,6
10072891926,2009-12-05,175.5,6
10072893617,2005-06-17,18,6
10072895984,2005-06-18,35.25,6
10072896932,2005-06-18,24.8,6
10072896932,2010-07-28,50,6
10072896932,2011-02-24,28,6
10072897180,2005-06-18,177,6
10072897313,2005-06-18,15,6
10072898467,2005-06-18,13,6
10072898534,2005-06-18,104.21,6
10072898534,2005-07-17,312.63,6
10072899235,2005-06-18,11.75,6
10072900249,2005-06-18,706.75,6
10072900249,2006-03-26,518.16,6
10072902164,2005-06-18,72.6,6
10072902164,2005-09-09,142.6,6
10072902164,2006-10-25,25,6
10072902461,2005-06-18,20,6
10072903774,2005-06-19,89.39,6
10072903774,2005-12-02,24.21,6
10072903774,2006-01-13,23.24,6
10072903774,2006-07-18,38,6
10072903774,2006-12-12,18,6
10072905628,2005-06-19,240,6
10072905628,2007-01-28,34,6
10072906025,2005-06-19,9.59,6
10072906272,2005-06-19,54.95,6
10072906421,2005-06-19,62.5,6
10072906735,2005-06-19,53.12,6
10072908260,2005-06-19,25.8,6
10072908401,2005-06-19,34,6
10072908401,2007-01-31,20.75,6
10072908533,2005-06-19,63.47,6
10072908828,2005-06-19,12.5,6
10072908828,2005-09-29,22.5,6
10072908828,2010-09-23,85,6
10072909135,2005-06-21,26.6,6
10072909868,2005-06-19,94.2,6
10072913153,2005-06-20,192.65,6
10072913244,2005-06-20,12.5,6
10072914283,2005-06-20,36,6
10072914340,2005-06-20,76.7,6
10072914481,2005-06-20,65.76,6
10072915216,2005-06-20,18.1,6
10072915289,2005-06-20,203.95,6
10072918952,2005-06-20,34.79,6
10072918952,2007-01-07,403.5,6
10072918952,2007-11-17,37.5,6
10072918952,2009-07-29,10.3,6
10072918952,2010-03-27,11.25,6
10072918952,2010-06-06,25,6
10072919867,2005-06-20,25.65,6
10072921313,2005-06-20,21.7,6
10072921602,2005-06-20,56.8,6
10072921956,2005-06-20,169,6
10072922113,2005-06-20,49,6
10072926137,2005-06-21,20,6
10072926278,2005-06-21,33,6
10072926436,2005-06-21,12.5,6
10072927401,2005-06-21,61.1,6
10072929646,2005-06-21,140,6
10072930074,2005-06-21,32.44,6
10072933672,2005-06-21,12.5,6
10072933901,2005-06-21,67,6
10072933901,2007-08-30,10,6
10072935831,2005-06-22,152.63,6
10072937895,2005-06-22,22,6
10072938142,2005-06-22,65,6
10072938142,2007-06-02,85.78,6
10072938142,2005-08-02,27,6
10072938398,2005-06-22,120,6
10072939216,2005-06-22,21.9,6
10072939239,2005-06-22,64.5,6
10072939744,2005-06-22,86,6
10072940172,2005-06-22,103.46,6
10072940172,2007-07-09,115.25,6
10072941253,2005-06-22,23.89,6
10072941517,2005-06-22,140,6
10072943884,2005-06-22,25,6
10072948850,2006-12-03,221.55,6
10072948850,2005-06-23,145.45,6
10072948850,2006-12-11,29,6
10072950056,2005-06-23,14.23,6
10072951508,2005-06-23,169,6
10072951508,2005-08-11,34.95,6
10072951739,2005-06-23,50.8,6
10072953157,2005-06-23,12.5,6
10072953522,2005-06-23,189.47,6
10072953628,2005-06-23,13,6
10072954031,2005-06-23,106.5,6
10072954156,2005-06-23,170.86,6
10072954156,2006-06-12,177,6
10072954156,2009-11-27,26.5,6
10072954915,2005-06-23,50,6
10072954915,2008-11-24,20.78,6
10072955558,2005-06-23,25.8,6
10072957043,2005-06-24,100,6
10072964979,2005-06-24,22.5,6
10072965359,2005-06-24,19.95,6
10072965359,2006-11-30,14.98,6
10072965549,2005-06-24,50.04,6
10072965557,2005-06-24,45,6
10072965765,2005-06-24,18,6
10072968066,2005-06-24,25,6
10072968066,2007-11-25,69.49,6
10072968147,2005-06-24,80,6
10072968337,2005-06-24,9,6
10072978536,2005-06-25,12.5,6
10072979921,2005-06-25,16.5,6
10072979921,2006-10-10,30,6
10072979921,2008-11-28,122.53,6
10072979921,2009-06-28,16.9,6
10072980483,2005-06-25,243.6,6
10072984145,2005-06-26,67.44,6
10072984739,2005-06-26,40,6
10072986092,2005-06-26,23.5,6
10072986397,2005-06-26,27.31,6
10072987197,2005-06-26,13.45,6
10072987197,2007-03-05,42.74,6
10072987470,2005-06-26,48,6
10072990373,2005-06-27,8,6
10072992221,2005-06-27,10,6
10072994835,2005-06-27,21.54,6
10072994835,2006-11-13,43.22,6
10072994992,2005-06-27,177,6
10072995578,2005-06-27,24.75,6
10072995669,2005-06-27,20,6
10072997550,2005-06-27,129.5,6
10072997550,2011-08-09,25,6
10072997732,2005-06-27,135,6
10072997766,2005-06-27,51,6
10072999208,2005-06-28,149.59,6
10073001188,2005-06-28,58.5,6
10073002954,2005-06-28,54,6
10073003111,2005-06-28,9.87,6
10073003598,2005-06-28,140,6
10073003777,2005-06-28,33.45,6
10073005090,2005-06-28,145.5,6
10073005090,2006-05-01,21,6
10073005363,2005-06-28,35.3,6
10073005939,2005-06-28,21.9,6
10073006494,2005-06-28,147,6
10073006567,2005-06-28,40,6
10073006741,2005-06-28,69.9,6
10073011327,2005-06-29,13,6
10073011327,2010-01-27,30,6
10073011327,2011-01-31,51,6
10073011327,2012-01-05,30,6
10073011327,2012-01-26,8.28,6
10073011494,2005-06-29,31.36,6
10073011535,2005-06-29,374,6
10073012013,2005-06-29,49,6
10073012013,2012-07-15,26.9,6
10073012632,2005-06-29,32.44,6
10073014033,2005-06-29,40,6
10073014125,2005-06-29,136.81,6
10073014125,2005-07-27,30,6
10073014125,2006-12-08,44.76,6
10073014125,2007-09-03,75,6
10073015305,2005-06-29,121,6
10073015305,2005-07-19,121,6
10073016121,2005-06-29,22.89,6
10073016261,2005-06-29,32.44,6
10073016501,2005-06-29,39,6
10073016707,2005-06-29,45.13,6
10073016814,2005-06-29,90,6
10073016954,2005-06-29,12.5,6
10073017218,2005-06-29,9.85,6
10073017218,2005-07-13,9.85,6
10073018035,2005-06-29,51.6,6
10073021517,2005-06-30,711.67,6
10073023184,2005-06-30,221.3,6
10073023793,2005-06-30,12.5,6
10073024256,2005-06-30,19.24,6
10073024577,2005-06-30,28.4,6
10073024636,2005-06-30,80.9,6
10073026120,2005-06-30,29,6
10073026343,2005-06-30,49.6,6
10073026343,2007-01-22,75.86,6
10073026343,2007-02-16,69.18,6
9992329298,2005-06-13,39.84,6
9992329298,2007-07-05,65.75,6
9992329298,2008-07-01,28.85,6
9992329298,2008-11-06,124.4,6
9992329298,2009-03-11,107.02,6
9992329298,2009-12-29,19.5,6
9992329298,2010-12-13,39.55,6
9992574515,2005-06-07,28,6
9992574515,2009-05-07,10.1,6
9992574515,2009-06-09,31.75,6
9992940977,2005-06-05,50,6
9992940977,2010-07-18,22.51,6
9992940977,2006-02-03,75.09,6
9992940977,2008-08-19,18.66,6
9992940977,2010-07-25,30.1,6
9996576285,2007-05-03,30.53,6
9996576285,2007-12-01,153.89,6
9996576285,2007-12-17,44.85,6
9996576285,2007-12-20,19.62,6
9996576285,2008-01-28,53,6
9996576285,2008-05-20,12,6
9996576285,2008-12-27,28.29,6
9996576285,2009-01-17,35,6
9996576285,2005-06-24,235,6
9996576285,2009-11-24,56.48,6
9996576285,2009-12-03,77.56,6
9996576285,2010-01-30,161.91,6
9996576285,2010-04-17,76.47,6
9996576285,2010-07-09,80.5,6
9996576285,2010-10-11,146,6
9996576285,2010-12-02,41.48,6
9996576285,2011-01-04,71.15,6
9996576285,2011-01-22,73,6
9996576285,2011-02-01,37.2,6
9996576285,2011-02-19,112,6
9996576285,2011-04-30,36.5,6
9996576285,2011-11-01,51.8,6
9996576285,2011-11-17,72.98,6
9996576285,2012-01-17,81,6
9996576285,2012-04-18,73,6
9996576285,2012-06-09,46.43,6
9996696171,2005-06-16,36.74,6
9997308406,2005-06-29,21,6
9997572332,2005-06-28,219.02,6
10000555439,2005-07-26,77.25,7
10000650620,2005-07-06,63.95,7
10000952273,2005-07-25,25,7
10000952273,2006-02-28,30,7
10001046091,2005-07-18,49.31,7
10001046091,2007-07-12,48.25,7
10001046091,2007-11-26,36.51,7
10001046091,2009-05-12,50.93,7
10001046091,2010-08-30,57.19,7
10001046091,2010-09-17,73,7
10001046091,2011-05-06,108.26,7
10001313358,2005-07-06,33,7
10001313358,2009-12-16,83.5,7
10001313358,2005-10-10,42.5,7
10001313358,2006-04-18,80.75,7
10001313358,2006-05-20,235.04,7
10001313358,2006-06-15,200.44,7
10001313358,2012-01-04,150,7
10001565380,2005-07-23,26,7
10002310660,2005-07-06,20.6,7
10002310660,2011-08-27,13.8,7
10003827712,2005-07-27,14.96,7
10003827712,2008-10-07,23.98,7
10003827712,2009-08-16,17.5,7
10003900418,2005-07-26,60.9,7
10005448616,2005-07-31,104.21,7
10005448616,2006-08-20,59.47,7
10006811515,2006-03-18,41.04,7
10006811515,2005-07-07,10,7
10006811515,2005-08-15,10,7
10006811515,2008-06-13,101,7
10006811515,2008-06-14,101,7
10006811515,2008-07-27,13,7
10006811515,2008-09-06,29.87,7
10007056524,2005-07-12,61.73,7
10008415008,2005-07-01,19.95,7
10008415008,2005-11-10,19.5,7
10008415008,2008-01-04,22,7
10008500338,2006-09-04,30,7
10008500338,2005-07-22,37.8,7
10008500338,2007-07-09,15,7
10010838743,2005-07-16,21,7
10010838743,2005-07-18,25,7
10010838743,2009-03-02,15.95,7
10010838743,2011-12-25,16.44,7
10010838743,2010-01-15,27,7
10010838743,2010-07-21,81,7
10011401765,2005-07-28,37.35,7
10011401765,2006-07-13,54.48,7
10011401765,2006-08-30,60,7
10012165828,2005-07-05,47.65,7
10013267651,2005-07-31,12,7
10013410317,2005-07-27,37.35,7
10013902760,2005-07-22,41,7
10013902760,2006-04-13,41.33,7
10013902760,2007-08-09,9,7
10018391553,2005-07-30,31.36,7
10019368420,2005-07-14,35.63,7
10019368420,2009-11-03,56.55,7
10019368420,2012-03-14,16.56,7
10019864005,2005-07-13,31.5,7
10019864005,2005-12-06,216.69,7
10019864005,2005-12-07,79.99,7
10019864005,2009-09-30,156.94,7
10020777419,2005-07-23,76.95,7
10020777419,2005-12-09,73.92,7
10022057810,2005-07-02,48,7
10022163659,2005-07-31,496.26,7
10022163659,2005-09-15,68,7
10022163659,2005-09-27,9,7
10022163659,2006-04-29,58,7
10022163659,2006-05-23,133.27,7
10022163659,2007-04-17,47.69,7
10022163659,2007-06-07,160.56,7
10022163659,2007-08-22,80,7
10022163659,2008-02-07,12,7
10022163659,2008-12-28,166.44,7
10022163659,2009-12-02,67.58,7
10022163659,2010-06-04,150,7
10022163659,2012-04-02,190.49,7
10023586166,2005-07-11,11.75,7
10023586166,2010-08-08,30.78,7
10027180757,2005-07-26,10.25,7
10027180757,2005-11-08,9.85,7
10027180757,2009-11-01,41.57,7
10027180757,2009-11-12,30.1,7
10027180757,2010-06-06,59.75,7
10027274775,2005-07-27,13,7
10028822044,2005-07-18,177,7
10029104647,2005-11-28,25,7
10029104647,2005-07-19,27,7
10029104647,2006-09-26,30,7
10029104647,2006-11-19,247.05,7
10029104647,2007-09-27,209.23,7
10029104647,2007-11-25,22.43,7
10029104647,2009-10-28,26.08,7
10029104647,2010-01-02,24,7
10029104647,2010-05-26,14.5,7
10029104647,2010-11-30,53.33,7
10029104647,2011-11-09,145.16,7
10029104647,2011-12-06,97.92,7
10029104647,2012-02-22,23.5,7
10029463731,2005-07-29,55.07,7
10030797983,2005-07-05,39.6,7
10030797983,2007-06-13,35,7
10030797983,2007-09-18,22.85,7
10030797983,2008-12-10,30.76,7
10030797983,2009-09-15,19.35,7
10032503136,2005-07-26,28,7
10032503136,2008-02-02,268.34,7
10032503136,2009-02-02,19.5,7
10032503136,2011-03-18,14,7
10032503136,2011-09-19,174.72,7
10032503136,2011-10-01,36.26,7
10032503136,2011-11-30,95.98,7
10034043321,2005-07-31,24.56,7
10034043321,2005-11-29,36.1,7
10034043321,2011-09-15,42,7
10034209417,2005-07-24,50,7
10034209417,2006-02-02,27.49,7
10034209417,2009-06-14,83.7,7
10034209417,2010-07-19,23.5,7
10034209417,2010-07-27,20,7
10034434237,2006-11-29,79.73,7
10034434237,2005-07-21,12,7
10034434237,2009-07-23,10.56,7
10035009097,2005-07-05,62.58,7
10035009097,2005-07-25,62.58,7
10035199607,2005-07-11,70.8,7
10035855475,2005-07-26,144.16,7
10036130850,2005-07-04,223.17,7
10036130850,2006-11-18,29.66,7
10036202420,2007-12-05,20.3,7
10036202420,2005-07-11,40.6,7
10036202420,2005-09-30,57.5,7
10036642731,2009-01-01,7.56,7
10036642731,2005-07-06,54,7
10036642731,2005-11-10,200,7
10036642731,2010-11-28,20,7
10038143325,2005-07-28,19.87,7
10038690364,2005-07-31,76.38,7
10038798579,2005-07-09,263.5,7
10038798579,2005-07-23,263.5,7
10038798579,2005-07-26,65,7
10038798579,2005-08-20,195,7
10038798579,2005-09-28,123.75,7
10039386683,2005-07-11,32.8,7
10039386683,2007-04-02,16.4,7
10039822768,2005-07-21,130.9,7
10039822768,2006-09-27,52.5,7
10039968834,2005-07-14,38.89,7
10039968834,2005-08-28,60.2,7
10041764024,2005-07-11,31.4,7
10041764024,2006-04-10,40.49,7
10041764024,2007-09-29,51.73,7
10041984101,2005-07-27,12.6,7
10043504543,2005-07-31,100.67,7
10043504543,2009-10-26,17.3,7
10043709835,2005-07-08,71.2,7
10043824938,2009-06-05,28,7
10043824938,2005-07-13,27.08,7
10044636178,2005-07-10,14.96,7
10045737933,2005-07-06,36,7
10045737933,2007-06-12,109.9,7
10045737933,2006-03-13,57.76,7
10045737933,2006-04-05,239,7
10045737933,2006-04-17,308.85,7
10045737933,2007-02-18,111.5,7
10045737933,2007-10-15,168.21,7
10045737933,2009-06-16,14,7
10045737933,2009-11-10,149.95,7
10045737933,2010-04-26,41.65,7
10047504844,2005-07-13,401.73,7
10047504844,2005-07-28,241.61,7
10047504844,2006-11-16,19,7
10048432253,2005-07-11,959.94,7
10049570539,2005-07-19,155.4,7
10050144515,2005-07-26,24.52,7
10050144515,2005-09-06,270,7
10050144515,2005-12-09,59.9,7
10050144515,2006-05-02,30,7
10050144515,2006-05-25,332.96,7
10050144515,2006-05-26,98,7
10050144515,2008-07-14,40.6,7
10050144515,2009-11-04,62.5,7
10050186243,2005-07-26,272.81,7
10050186243,2005-12-01,39,7
10050721938,2005-07-06,25,7
10050721938,2005-11-26,196.8,7
10051672663,2005-07-21,45.2,7
10051672663,2005-12-14,18.48,7
10052444574,2005-07-27,82.5,7
10052444574,2006-04-05,21.72,7
10052444574,2010-12-01,69,7
10052444574,2011-10-31,60.18,7
10052444574,2011-12-05,52.28,7
10052945423,2005-07-23,64.97,7
10052945423,2005-08-16,44.97,7
10052945423,2007-06-11,112.25,7
10052945423,2008-03-21,156,7
10053212583,2005-07-08,17.5,7
10054747718,2005-07-29,59.8,7
10054747718,2005-10-03,85,7
10054747718,2006-02-06,15.75,7
10054747718,2006-03-31,14.99,7
10055333369,2005-07-26,29,7
10055375923,2005-07-12,22.5,7
10055394954,2005-07-22,30.58,7
10055420629,2005-07-07,75,7
10055420629,2006-02-09,535.36,7
10055420629,2007-05-23,69,7
10055420629,2007-06-30,327.8,7
10055640078,2006-03-16,35,7
10055640078,2005-07-06,10.25,7
10055640078,2006-12-04,66,7
10055640078,2008-03-11,45,7
10055640078,2009-07-22,81.25,7
10055640078,2010-04-08,13.8,7
10055933384,2005-07-25,175,7
10056043009,2005-07-15,9,7
10056043009,2005-10-05,68,7
10056282302,2005-07-12,40.5,7
10056282302,2007-11-29,35,7
10056308536,2005-07-12,10,7
10056308536,2009-06-22,83,7
10056308536,2010-11-16,19.2,7
10056308536,2011-06-19,33.5,7
10056308536,2011-07-15,53.15,7
10056440997,2005-07-25,140,7
10056440997,2005-12-04,32,7
10056440997,2006-02-02,96.6,7
10056440997,2006-02-06,41.6,7
10056440997,2006-08-02,87,7
10056440997,2007-01-23,48.9,7
10056440997,2008-01-24,31.08,7
10056440997,2009-05-18,76,7
10056440997,2009-09-05,29,7
10056440997,2009-10-19,31.16,7
10056440997,2010-07-14,62.54,7
10056440997,2011-06-17,73.07,7
10056440997,2012-04-17,137.2,7
10056440997,2012-06-22,86.38,7
10056440997,2012-06-28,82.44,7
10057709576,2005-07-02,63,7
10057709576,2005-07-03,107,7
10057731422,2005-07-27,27,7
10057731422,2010-12-06,96.6,7
10057731422,2010-12-12,163.39,7
10059061677,2005-07-29,43.95,7
10059253638,2005-07-11,40.11,7
10059253638,2011-12-04,59.9,7
10059393903,2005-07-26,49,7
10059393903,2007-06-14,27.31,7
10059542826,2005-07-21,104.21,7
10059542826,2008-09-25,53.66,7
10059542826,2009-12-10,22.05,7
10059542826,2011-03-09,14.03,7
10059663391,2005-07-25,38.56,7
10060398999,2005-07-11,38.89,7
10060788803,2005-07-08,135.39,7
10060874117,2005-07-13,92.95,7
10060874117,2006-12-15,64.5,7
10060874117,2007-10-06,287.58,7
10060874117,2007-11-07,75,7
10060874117,2011-12-19,194.15,7
10061376816,2005-07-11,85.77,7
10061376816,2009-03-23,35,7
10061425440,2006-12-08,28.2,7
10061425440,2005-07-11,90,7
10061425440,2007-11-08,28.9,7
10061425440,2010-04-01,35.25,7
10061504690,2005-07-21,104.21,7
10061509484,2005-07-11,30,7
10061509484,2005-07-16,30,7
10061509484,2006-02-08,24,7
10061509484,2006-06-14,115,7
10061521505,2005-07-09,83.8,7
10061521505,2005-12-24,25,7
10061521505,2006-09-16,128.5,7
10061521505,2007-05-08,24,7
10061545421,2005-07-28,42.32,7
10062051245,2005-07-03,16.6,7
10062422139,2005-07-26,11.75,7
10062515141,2006-12-05,55,7
10062515141,2005-07-30,129,7
10062789413,2005-07-12,100,7
10063175307,2005-07-25,22.6,7
10063350571,2007-11-27,92.65,7
10063350571,2005-07-31,95,7
10063380188,2006-11-14,27.61,7
10063380188,2005-07-11,59.74,7
10063380188,2010-11-22,45,7
10063380188,2012-05-24,33.16,7
10063430240,2005-07-25,12,7
10063633463,2005-07-15,16.6,7
10063809204,2005-07-03,19.66,7
10064101502,2005-12-06,36.6,7
10064101502,2005-07-07,46.65,7
10065279711,2005-07-27,19.2,7
10065279711,2011-10-30,42,7
10065309953,2005-07-22,58.1,7
10065309953,2005-08-16,116.7,7
10065309953,2011-01-14,13.8,7
10065309953,2012-04-14,106.89,7
10065552199,2005-07-31,188,7
10065552199,2005-12-09,50,7
10065552199,2007-09-12,101.81,7
10065552199,2007-09-16,76.1,7
10065552199,2007-11-28,52,7
10065552199,2010-07-05,165.01,7
10065808558,2008-05-22,100.5,7
10065808558,2005-07-17,209.24,7
10065808558,2010-12-25,193.7,7
10065808558,2008-05-04,205.79,7
10065808558,2011-07-03,154.98,7
10067135275,2005-07-23,152.5,7
10067209195,2005-07-16,27,7
10067210852,2005-07-05,22.5,7
10067316873,2005-07-10,25,7
10067581693,2005-07-07,208.42,7
10067617890,2005-07-25,366.5,7
10067617890,2008-06-26,271.21,7
10067617890,2010-02-10,16,7
10067617890,2010-05-02,28.95,7
10067672764,2005-07-20,49.6,7
10067845277,2005-07-31,2.7,7
10067850550,2005-07-21,37,7
10068005626,2006-12-05,23,7
10068005626,2005-07-22,180,7
10068005626,2006-08-19,110.83,7
10068005626,2011-10-11,39.5,7
10068005626,2011-10-19,14.5,7
10068005626,2012-03-12,85.95,7
10068156163,2005-07-19,768.5,7
10068312558,2005-07-10,33.06,7
10068347340,2005-07-29,22.5,7
10068352802,2005-07-26,103.46,7
10068352802,2009-03-31,48.5,7
10068623220,2005-07-16,44.3,7
10068629589,2005-07-04,22.89,7
10069501069,2005-07-01,35.63,7
10069593047,2005-07-06,46,7
10069593047,2005-10-06,40,7
10069593047,2008-07-11,57,7
10069907934,2005-07-25,13,7
10069946570,2005-07-30,14.96,7
10070150154,2005-07-05,7.05,7
10070302539,2005-07-19,28,7
10071923417,2005-07-27,76.95,7
10071923417,2005-11-15,7.5,7
10071923417,2007-06-29,76,7
10072401900,2005-07-15,14.96,7
10072468695,2005-07-02,22.5,7
10072733913,2005-07-02,9.05,7
10072760289,2005-07-09,49.98,7
10072905126,2005-07-05,29.96,7
10072905126,2005-07-22,17.6,7
10072996354,2005-07-02,76.95,7
10073030775,2005-07-01,64.17,7
10073031112,2005-07-01,69.9,7
10073031112,2006-03-10,59.73,7
10073032959,2005-07-01,19.76,7
10073033415,2005-07-01,44.98,7
10073033555,2005-07-01,135,7
10073034229,2005-07-01,20,7
10073036358,2005-07-02,29.95,7
10073037059,2005-09-07,19.2,7
10073037059,2005-07-02,56.5,7
10073037176,2005-07-02,97.5,7
10073037489,2005-07-02,54.97,7
10073037893,2005-07-02,33.95,7
10073038513,2005-07-02,19.24,7
10073038744,2005-07-02,45.13,7
10073038974,2005-07-02,152.5,7
10073039039,2005-07-02,27,7
10073039039,2006-07-07,25,7
10073039081,2005-07-02,24.7,7
10073042134,2005-07-03,75,7
10073042332,2005-07-03,50,7
10073042523,2005-07-03,24,7
10073043939,2005-07-03,152.63,7
10073046852,2005-07-04,149,7
10073046852,2011-06-07,25.41,7
10073047001,2005-07-04,23.89,7
10073047514,2005-07-04,61.15,7
10073048147,2005-07-04,87.4,7
10073048223,2005-07-04,72.05,7
10073048686,2005-07-04,135,7
10073049122,2005-07-04,13,7
10073049254,2005-07-04,89.7,7
10073051688,2005-07-05,45,7
10073051836,2005-07-05,9,7
10073052175,2005-07-05,10,7
10073056431,2005-07-05,38.8,7
10073056572,2005-07-05,76.95,7
10073057166,2005-07-05,79,7
10073057182,2005-07-05,50,7
10073057247,2005-07-05,20.66,7
10073060119,2005-07-06,19.24,7
10073060756,2005-07-06,23.89,7
10073060845,2005-07-06,125,7
10073060861,2005-07-06,16.7,7
10073062315,2005-07-06,30,7
10073062315,2006-06-02,41.6,7
10073062479,2005-07-06,32.44,7
10073062612,2005-07-06,37.14,7
10073062612,2008-08-14,39.15,7
10073063229,2005-07-06,12.35,7
10073063229,2006-08-31,150.4,7
10073063229,2007-07-03,71.85,7
10073063229,2007-09-30,53.72,7
10073063781,2005-07-06,18,7
10073063781,2006-03-27,18.48,7
10073065755,2005-07-06,18,7
10073066183,2005-07-06,20.45,7
10073066514,2005-07-06,45.8,7
10073067048,2005-07-06,18.6,7
10073067890,2005-07-06,119,7
10073070714,2005-07-07,79.95,7
10073070918,2007-04-11,41.33,7
10073070918,2005-07-07,46.66,7
10073071926,2005-07-07,13.45,7
10073071926,2005-08-14,58.84,7
10073072032,2005-07-07,33.95,7
10073073650,2005-07-07,104.34,7
10073073863,2005-07-07,18,7
10073074186,2005-07-07,22,7
10073075564,2005-07-07,73.98,7
10073076057,2005-07-07,7.05,7
10073076570,2005-07-07,76,7
10073076570,2006-06-05,78,7
10073076661,2005-07-07,21.5,7
10073076744,2005-07-07,55.71,7
10073079457,2005-07-08,39.5,7
10073082847,2005-07-08,216,7
10073082915,2005-07-08,34.95,7
10073083920,2005-07-08,94.11,7
10073085017,2005-07-08,25,7
10073085017,2006-01-30,36,7
10073088434,2005-07-09,82.5,7
10073088860,2005-07-09,12,7
10073089365,2005-07-09,30.46,7
10073089975,2005-07-09,85,7
10073090048,2005-07-09,13.6,7
10073091129,2005-07-09,39,7
10073091129,2007-09-14,58,7
10073091129,2008-12-13,74,7
10073091129,2007-10-04,49,7
10073091254,2005-07-09,25.8,7
10073091937,2005-07-09,48,7
10073092211,2005-07-09,21,7
10073093630,2005-07-10,65.9,7
10073093630,2009-03-21,39.9,7
10073094273,2005-07-10,23,7
10073095552,2005-07-10,24.76,7
10073095552,2009-07-13,66,7
10073095552,2012-05-15,9.49,7
10073095709,2005-07-10,17.5,7
10073096459,2005-07-10,12.6,7
10073097194,2005-07-10,40.24,7
10073102243,2005-07-11,41.66,7
10073102243,2005-07-18,41.66,7
10073102877,2005-07-11,33.95,7
10073103275,2005-07-11,232.8,7
10073103307,2005-07-11,125,7
10073105155,2005-07-11,42.75,7
10073105155,2006-12-07,64.73,7
10073105567,2005-07-11,140,7
10073105789,2005-07-11,235,7
10073106682,2005-07-11,68,7
10073106912,2005-07-11,10.25,7
10073107086,2005-07-11,181.57,7
10073107135,2005-07-11,28.18,7
10073110361,2005-07-12,57.89,7
10073110419,2005-07-12,11.75,7
10073111401,2005-07-12,21.25,7
10073111591,2005-07-12,58.25,7
10073112068,2005-07-12,35.35,7
10073114847,2005-07-12,39,7
10073115055,2005-07-12,23.5,7
10073115626,2005-07-12,84,7
10073115962,2005-07-12,625.26,7
10073118875,2005-07-13,195,7
10073118875,2006-11-03,58.6,7
10073119016,2005-07-13,195,7
10073119938,2008-01-30,50.93,7
10073119938,2005-07-13,72.05,7
10073119938,2007-11-20,175.38,7
10073119938,2007-12-13,187.5,7
10073121877,2005-07-13,89.59,7
10073122917,2005-07-13,45.95,7
10073123578,2005-07-13,24.8,7
10073123578,2009-11-23,160,7
10073123578,2010-11-26,55,7
10073123711,2005-07-13,47.22,7
10073124038,2005-07-13,70.5,7
10073124502,2005-07-13,35.5,7
10073124502,2006-11-26,94.5,7
10073124914,2005-07-13,22.5,7
10073124914,2007-11-26,62.25,7
10073126615,2005-07-14,19.5,7
10073129312,2005-07-14,22.89,7
10073130145,2005-07-14,76.85,7
10073130359,2005-07-14,67,7
10073130401,2005-07-14,13,7
10073131672,2005-07-14,48,7
10073132373,2005-07-14,104.21,7
10073132621,2005-07-14,9,7
10073133082,2005-07-14,65,7
10073133116,2005-07-14,39,7
10073133329,2005-07-14,39.5,7
10073133413,2005-07-14,19.5,7
10073133873,2005-07-14,54.86,7
10073133873,2005-08-20,109.72,7
10073134105,2005-07-14,61.15,7
10073134121,2005-07-14,58.25,7
10073136835,2005-07-15,16.7,7
10073137982,2005-07-15,22.89,7
10073138685,2005-07-15,120,7
10073138847,2005-07-15,51.21,7
10073138956,2005-07-15,18.6,7
10073140778,2005-07-15,65,7
10073141150,2005-07-15,28.7,7
10073141325,2005-07-15,54.97,7
10073141473,2005-07-15,72.41,7
10073141523,2005-07-15,13.36,7
10073141572,2005-07-15,12.5,7
10073141885,2005-07-15,294.5,7
10073141885,2005-12-13,35.6,7
10073142083,2005-07-15,35.5,7
10073142414,2005-07-15,50.4,7
10073144995,2005-07-16,54.48,7
10073145308,2005-07-16,20.45,7
10073146001,2005-07-16,64.96,7
10073146001,2011-04-15,10,7
10073148155,2005-07-16,45.2,7
10073148486,2005-07-16,65,7
10073151058,2005-07-17,323.15,7
10073152611,2005-07-17,22.89,7
10073152931,2005-07-17,23,7
10073152931,2006-10-21,65.85,7
10073152965,2005-07-17,22.35,7
10073153278,2005-07-17,39.84,7
10073153278,2008-01-06,168,7
10073153320,2005-07-17,17.76,7
10073153320,2005-12-08,17.76,7
10073157503,2005-07-18,51.66,7
10073157889,2005-07-18,47,7
10073158467,2005-07-18,38.89,7
10073159027,2005-07-18,199.5,7
10073159218,2005-07-18,57.5,7
10073161083,2005-07-18,128.25,7
10073161808,2005-07-18,36.43,7
10073161891,2005-07-18,57.7,7
10073162404,2005-07-18,35,7
10073165727,2005-07-19,251.4,7
10073165727,2005-07-28,74.4,7
10073167494,2005-07-19,23.75,7
10073167494,2005-08-03,22.89,7
10073170207,2005-07-19,125,7
10073170207,2005-08-16,7.5,7
10073170207,2005-12-07,62.5,7
10073170207,2006-01-22,72,7
10073174629,2005-07-20,76.95,7
10073175281,2005-07-20,46.5,7
10073175479,2005-07-20,25,7
10073175792,2005-07-20,45.6,7
10073176701,2005-07-20,100,7
10073178457,2005-07-20,29,7
10073183103,2005-07-21,289.86,7
10073184274,2005-07-21,24,7
10073186030,2005-07-21,77.25,7
10073186296,2005-07-21,37.8,7
10073186395,2005-07-21,74.1,7
10073186830,2005-07-21,61.73,7
10073192110,2005-07-22,138,7
10073192193,2005-07-22,9.21,7
10073192217,2005-07-22,229.62,7
10073193472,2005-07-22,79.87,7
10073193613,2005-07-22,10,7
10073193654,2005-07-22,120,7
10073194321,2005-07-22,18.75,7
10073196004,2005-07-22,133.26,7
10073196004,2005-09-20,62.25,7
10073196004,2005-11-29,41.47,7
10073196004,2007-11-16,445,7
10073196136,2005-07-22,100.08,7
10073196136,2012-05-06,13.98,7
10073196590,2005-07-22,22.6,7
10073200162,2005-07-23,92.5,7
10073200295,2005-07-23,86.84,7
10073200691,2005-07-23,104.21,7
10073201119,2005-07-23,51.8,7
10073201186,2005-07-23,22.6,7
10073203247,2005-07-23,22,7
10073203596,2005-07-23,23.75,7
10073205862,2005-07-24,38.89,7
10073207834,2005-07-24,37.31,7
10073207858,2005-07-24,18,7
10073208652,2005-07-24,18.75,7
10073208939,2005-07-24,28,7
10073209080,2005-07-24,44.97,7
10073209163,2005-07-24,49.95,7
10073210417,2005-07-25,61.73,7
10073212817,2005-07-25,9,7
10073212817,2008-12-22,67.06,7
10073214806,2005-07-25,133.25,7
10073217330,2005-07-25,10.25,7
10073218206,2005-07-25,135,7
10073218287,2005-07-25,49.6,7
10073222653,2005-07-26,9.22,7
10073224070,2005-07-26,14.96,7
10073224120,2005-07-26,20,7
10073224583,2005-07-26,38.48,7
10073225688,2005-07-26,61.79,7
10073225688,2005-09-30,36,7
10073225688,2006-12-12,94.07,7
10073227832,2005-07-26,9.87,7
10073228327,2005-07-26,54,7
10073229021,2005-07-26,113.64,7
10073229021,2005-08-30,117.78,7
10073229302,2005-07-26,135.5,7
10073229302,2005-08-01,109.95,7
10073230094,2005-07-26,22.89,7
10073230300,2005-07-26,244.95,7
10073232223,2005-07-26,41.66,7
10073235340,2005-07-27,123.22,7
10073235835,2005-07-27,40.75,7
10073238196,2005-07-27,22.89,7
10073239317,2005-07-27,22.6,7
10073241653,2005-07-27,60.77,7
10073242130,2005-07-27,14.96,7
10073242362,2005-07-27,65,7
10073242519,2005-07-27,14.95,7
10073243657,2005-07-28,97,7
10073245430,2005-07-28,48,7
10073248195,2005-07-28,4.5,7
10073248417,2005-07-28,17.5,7
10073248417,2006-01-13,21,7
10073248417,2007-01-29,25.8,7
10073248417,2009-10-19,23.11,7
10073250058,2005-07-28,9.21,7
10073251337,2005-07-28,104.85,7
10073252444,2005-07-28,81.72,7
10073252937,2005-07-28,25,7
10073252979,2005-07-28,25,7
10073254465,2005-07-28,47.5,7
10073256758,2005-07-29,20.5,7
10073256897,2005-07-29,238.5,7
10073257691,2005-10-23,34.74,7
10073257691,2005-07-29,22.5,7
10073257691,2005-11-27,30.6,7
10073258426,2005-07-29,31.4,7
10073258812,2005-07-29,50.04,7
10073259200,2005-07-29,24.75,7
10073259398,2005-07-29,40,7
10073259770,2005-07-29,67.61,7
10073259770,2007-11-02,52.21,7
10073261758,2005-07-29,16.7,7
10073262128,2005-07-29,49,7
10073262178,2005-07-29,65,7
10073262467,2005-07-29,12.35,7
10073262534,2005-07-29,168.65,7
10073263483,2005-07-29,27,7
10073263483,2007-03-26,29.66,7
10073263697,2005-07-29,32.5,7
10073266906,2005-07-30,22.5,7
10073266906,2005-11-29,50,7
10073268326,2005-07-30,119,7
10073268326,2007-01-21,40,7
10073268326,2009-11-03,22.5,7
10073268326,2010-12-29,23.79,7
10073268357,2005-07-30,99,7
10073270215,2005-07-30,32.5,7
10073270743,2005-07-30,74.4,7
10073270783,2005-07-30,19.24,7
10073270832,2005-07-30,27.15,7
10073271914,2005-07-31,70.5,7
10073273094,2005-07-31,12.5,7
10073273185,2005-07-31,17.76,7
10073276336,2005-07-31,60,7
10073276509,2005-07-31,24,7
10073277160,2005-07-31,22.28,7
9991421955,2008-01-09,84,7
9991421955,2005-07-06,22.5,7
9991421955,2007-06-18,45,7
9991421955,2008-01-12,57,7
9991421955,2008-01-14,45,7
9991421955,2008-08-01,79.98,7
9991421955,2008-09-09,92.24,7
9991421955,2009-01-29,31.13,7
9991421955,2009-09-15,31.96,7
9991421955,2011-08-04,89.99,7
9991421955,2011-10-02,15,7
9991421955,2012-07-05,102.2,7
9991421955,2012-08-25,60,7
9992725998,2005-07-19,33.8,7
9992988532,2005-07-11,120,7
9992988532,2005-07-20,20,7
9992988532,2009-03-30,45,7
9992988532,2009-11-20,11.25,7
9992988532,2010-03-25,65,7
9992988532,2010-11-12,13.75,7
9992988532,2010-12-07,30.94,7
9992988532,2011-11-22,21.75,7
9993042644,2005-07-27,19.24,7
9993679734,2005-07-19,70.6,7
9997223883,2005-07-03,67.53,7
9998080392,2005-07-12,58.88,7
9998305450,2005-07-23,50,7
9998305450,2006-01-13,50,7
9998305450,2009-04-09,26.5,7
9998829764,2005-07-08,217,7
9999848777,2005-07-05,12,7
9999902881,2005-07-26,16.7,7
10000486165,2007-11-26,160.77,8
10000486165,2007-12-07,69.22,8
10000486165,2005-08-01,10,8
10000486165,2006-09-12,131.18,8
10000698246,2005-08-28,235,8
10001382147,2006-10-25,141.52,8
10001382147,2005-08-16,42.5,8
10001382147,2009-06-08,26.5,8
10001515724,2005-09-05,49.2,8
10001515724,2005-08-08,24,8
10002014550,2005-08-05,22,8
10002014550,2008-10-13,12.65,8
10002051197,2005-08-25,35.2,8
10002051197,2006-09-28,40,8
10005408782,2005-08-31,22.05,8
10005408782,2005-09-09,44.1,8
10005408782,2006-12-23,105.36,8
10005576573,2005-08-19,15.3,8
10005576573,2006-01-04,25.5,8
10006073314,2005-08-17,22.6,8
10006073314,2007-04-09,88.22,8
10006073314,2007-05-02,22.6,8
10006073314,2007-09-07,51.5,8
10006410234,2006-08-03,52.5,8
10006410234,2005-08-20,124,8
10006410234,2006-02-20,71.3,8
10006410234,2007-03-30,108,8
10008009933,2005-08-14,27.24,8
10009696515,2005-08-19,18,8
10009696515,2006-07-31,35,8
10009696515,2010-07-26,135,8
10011242201,2005-08-16,57.5,8
10011923856,2005-12-14,25,8
10011923856,2005-08-01,48.18,8
10011923856,2005-12-20,16.7,8
10013836891,2005-08-11,29.92,8
10013836891,2006-03-20,18,8
10013836891,2007-05-04,18,8
10017755279,2005-08-25,50,8
10018510213,2005-08-17,186.78,8
10018510213,2005-08-30,237.56,8
10018510213,2011-12-13,76.63,8
10018956704,2005-11-15,63.76,8
10018956704,2005-08-21,130,8
10020860745,2005-08-19,19.95,8
10020860745,2005-10-08,10.25,8
10021143883,2005-08-22,40,8
10022044694,2005-08-17,9.05,8
10022044694,2006-10-02,110,8
10023261924,2005-08-31,370.15,8
10023261924,2011-08-28,29,8
10023261924,2011-11-27,75.01,8
10024363283,2005-08-23,84.56,8
10024363283,2007-11-05,11.25,8
10026027908,2005-08-16,40,8
10026027908,2007-02-08,130,8
10026091690,2005-08-13,135,8
10026398566,2005-08-04,19,8
10026398566,2005-10-15,62.25,8
10026398566,2005-10-21,32.8,8
10026559020,2005-08-22,9,8
10026559020,2006-11-06,113.37,8
10026559020,2007-05-07,61.5,8
10026843092,2005-08-19,103.5,8
10026843092,2005-08-10,41.78,8
10028095251,2005-08-17,39,8
10028095251,2007-10-29,70.5,8
10028095251,2008-04-20,35,8
10028095251,2009-09-16,60,8
10028095251,2009-09-29,33,8
10028095251,2010-02-26,53.55,8
10028095251,2012-07-14,67.7,8
10030320994,2005-09-05,117.2,8
10030320994,2005-08-06,33,8
10030320994,2005-08-26,356.45,8
10030320994,2006-09-08,147.5,8
10030320994,2008-01-24,129.99,8
10031813726,2005-08-31,33.95,8
10032112771,2005-08-08,36.25,8
10032112771,2006-02-20,95,8
10032112771,2006-11-29,57.92,8
10032112771,2008-08-21,18.9,8
10032112771,2008-09-22,89.55,8
10032112771,2008-12-01,56.25,8
10032112771,2009-03-24,33.6,8
10032112771,2009-03-27,80.04,8
10032112771,2009-12-04,40,8
10032350924,2005-08-23,25.8,8
10032809004,2005-08-01,96,8
10032809004,2006-11-01,145.69,8
10032809004,2007-04-26,108,8
10033302512,2005-08-20,5.85,8
10033302512,2005-12-06,360.46,8
10033302512,2006-01-15,130,8
10035653391,2005-08-06,77.25,8
10036716320,2005-08-16,12.5,8
10036782743,2005-08-19,7.5,8
10037664726,2005-08-17,32.87,8
10037664726,2006-02-02,94.5,8
10037664726,2006-02-15,175.89,8
10037664726,2007-07-16,55.35,8
10037890937,2008-07-10,84.91,8
10037890937,2005-08-15,54,8
10037890937,2005-11-29,225.52,8
10038342857,2005-08-26,25,8
10038342857,2006-01-16,59.99,8
10038342857,2007-06-25,46.39,8
10038342857,2009-08-31,177,8
10040667977,2008-03-08,12,8
10040667977,2005-08-17,25,8
10040667977,2006-04-27,19.85,8
10040667977,2007-05-19,190.78,8
10040667977,2009-06-20,77,8
10041547496,2005-08-23,12.5,8
10042156254,2005-08-25,60,8
10042156254,2009-12-21,18.1,8
10042156254,2006-02-02,28.5,8
10042229481,2005-08-31,29.9,8
10042229481,2005-10-22,323.65,8
10042229481,2007-01-18,78.7,8
10042229481,2007-10-29,69.54,8
10042342217,2005-08-27,36,8
10042342217,2006-04-06,37.31,8
10043598494,2005-08-12,23.75,8
10044319066,2005-08-09,12.5,8
10044375900,2005-08-24,42.6,8
10044375900,2005-09-06,37.5,8
10044375900,2007-08-27,74.39,8
10044849458,2005-08-22,12.5,8
10045083645,2007-07-25,10.43,8
10045083645,2007-09-05,75.35,8
10045083645,2006-11-29,10.7,8
10045083645,2007-05-24,33.45,8
10045083645,2009-10-17,17.46,8
10045083645,2005-08-03,9,8
10045083645,2009-12-03,40,8
10045083645,2010-01-27,42.91,8
10045083645,2010-09-15,24,8
10045083645,2011-07-05,30,8
10045083645,2012-01-23,85.5,8
10045083645,2012-04-26,67.2,8
10046143108,2005-08-19,9.85,8
10046175399,2005-08-11,75.6,8
10046545923,2005-08-17,195,8
10046545923,2005-08-26,55.08,8
10047051458,2006-10-02,30.98,8
10047051458,2005-08-14,21.54,8
10047051458,2006-07-10,36.98,8
10047331613,2005-08-17,12.5,8
10048139088,2005-08-15,146.96,8
10048139088,2008-10-24,184.33,8
10048139088,2009-03-05,26.08,8
10048139088,2009-12-18,416.7,8
10048139088,2010-02-05,25.5,8
10048139088,2011-12-12,646.9,8
10048376046,2005-08-03,9,8
10048652973,2005-08-11,23,8
10049190278,2005-08-01,23,8
10049190278,2005-08-05,23,8
10049190278,2005-09-27,30.4,8
10049190278,2006-08-15,19.21,8
10049190278,2009-05-26,108,8
10049190278,2009-10-21,24.05,8
10050247441,2005-08-30,24,8
10050247441,2007-01-02,197.18,8
10050255955,2008-02-12,12.75,8
10050255955,2008-11-20,51.85,8
10050255955,2005-08-09,190,8
10050255955,2006-11-21,25.5,8
10050255955,2007-01-31,38.25,8
10050255955,2007-08-08,77.5,8
10050255955,2007-09-05,155.92,8
10050255955,2007-10-02,55,8
10050255955,2007-12-03,43.45,8
10050255955,2008-10-06,79.68,8
10050255955,2009-04-01,30,8
10050255955,2009-11-13,33.4,8
10050255955,2009-12-17,20.5,8
10050255955,2010-02-11,134.5,8
10050255955,2010-10-29,33,8
10050255955,2010-11-23,28.5,8
10050305521,2005-08-03,90.45,8
10051076683,2005-08-08,73.5,8
10052439252,2005-08-01,41,8
10052439252,2005-11-28,42.5,8
10052439252,2007-01-05,119,8
10052439252,2007-07-26,150,8
10052439252,2009-05-15,64.14,8
10052559480,2005-08-18,29.96,8
10052559480,2005-09-06,60.1,8
10052559480,2005-09-22,25,8
10052559480,2005-10-22,15,8
10052559480,2006-09-25,46.39,8
10053185036,2005-08-25,35,8
10053288458,2005-08-22,9,8
10053288458,2007-10-29,23.3,8
10053288458,2008-09-30,35,8
10054361165,2005-08-24,33.95,8
10054495993,2005-08-18,108.16,8
10054574171,2005-08-16,20.3,8
10054574171,2009-11-23,136.63,8
10056097054,2005-08-03,24.52,8
10056151424,2005-08-07,19.66,8
10056631581,2005-08-23,152.63,8
10056631581,2010-12-14,7.86,8
10057695294,2005-11-29,60,8
10057695294,2005-08-23,18,8
10057695294,2010-04-26,48.59,8
10057800547,2005-08-29,29.92,8
10057800547,2005-12-17,116.21,8
10058074143,2005-08-20,95,8
10059997910,2005-08-16,107,8
10060287568,2005-08-07,325.4,8
10060579652,2005-08-15,86.7,8
10061442776,2005-08-01,120,8
10061442776,2005-12-06,43.34,8
10061558580,2005-08-28,48.4,8
10061713067,2005-08-23,44.5,8
10061713067,2005-11-21,45.24,8
10061713067,2005-12-11,44.1,8
10061713067,2006-02-21,9,8
10061713067,2006-05-22,50,8
10061713067,2007-11-04,10.5,8
10061713067,2009-09-26,73.42,8
10062092776,2005-08-29,17.28,8
10062242522,2005-08-07,18,8
10062811860,2005-08-09,25,8
10063033068,2006-12-26,10.75,8
10063033068,2005-08-24,68,8
10063033068,2006-01-05,25,8
10063033068,2006-08-02,68,8
10063033068,2006-12-04,15.2,8
10063033068,2007-04-18,120,8
10063033068,2008-04-04,91.84,8
10063033068,2009-11-10,11.25,8
10063033068,2011-03-28,110.95,8
10063647578,2005-08-16,81.92,8
10063647578,2005-09-27,65.6,8
10063647578,2009-04-02,65,8
10063647578,2011-03-18,49.95,8
10064165934,2005-08-13,38.75,8
10064282821,2005-08-24,7.5,8
10064357335,2005-08-03,13,8
10065180182,2006-12-11,94.5,8
10065180182,2005-08-01,18,8
10065180182,2005-12-18,94.5,8
10065609321,2005-08-18,76.6,8
10065782918,2005-08-22,22.05,8
10065782918,2011-12-10,75.4,8
10066717776,2005-08-29,65.74,8
10066717776,2007-04-12,30.53,8
10066717776,2008-10-01,10.4,8
10066739101,2006-10-02,144.95,8
10066739101,2007-01-12,54.74,8
10066739101,2005-08-15,60,8
10067547032,2005-08-20,41.21,8
10067547032,2006-05-23,14.96,8
10067547032,2007-08-06,31.6,8
10067547032,2009-12-05,15.16,8
10067738019,2005-08-16,56.84,8
10067738019,2006-11-29,21.73,8
10068032883,2005-08-18,18.95,8
10068592727,2005-08-28,65,8
10068592727,2007-11-09,49,8
10068680913,2005-08-17,167.52,8
10068680913,2005-09-07,175.38,8
10068911359,2005-08-22,37.8,8
10068928611,2005-08-15,24.5,8
10069440952,2005-08-30,76,8
10069568003,2005-08-27,136.75,8
10070004822,2005-08-15,9,8
10070066725,2005-08-05,23.75,8
10070259195,2005-08-04,24,8
10070259195,2006-03-21,12,8
10070259195,2007-11-26,43.56,8
10070578181,2005-08-18,42.45,8
10070609628,2005-08-15,32.45,8
10070609628,2008-12-28,74,8
10070609628,2012-05-20,50,8
10070653025,2005-08-20,82.5,8
10070949331,2005-08-12,19.5,8
10071281897,2005-08-22,190,8
10071281897,2005-09-30,30.12,8
10071281897,2006-05-26,29,8
10071281897,2008-12-26,144.78,8
10072256997,2005-08-31,58.25,8
10072408220,2005-08-04,18,8
10072408220,2008-07-23,23,8
10072914424,2005-08-03,45,8
10072914424,2006-04-12,75.25,8
10073155770,2005-08-18,30.76,8
10073202465,2005-08-15,25,8
10073280016,2005-08-01,19.95,8
10073280790,2005-08-01,56.8,8
10073280923,2005-08-01,22.6,8
10073281584,2005-08-01,38.89,8
10073281905,2005-08-01,39.84,8
10073284924,2005-08-01,77.25,8
10073285254,2005-08-01,35,8
10073286161,2005-08-01,65,8
10073286977,2005-08-01,24.31,8
10073287036,2005-08-01,12.5,8
10073291615,2005-08-02,23.47,8
10073292858,2005-08-02,25.41,8
10073292858,2005-08-18,20,8
10073292858,2006-05-04,44.5,8
10073293553,2005-08-02,152.63,8
10073293553,2005-08-03,152.63,8
10073296538,2005-08-02,35,8
10073296663,2005-08-02,44.6,8
10073296909,2005-08-02,35,8
10073297463,2005-08-02,215,8
10073297463,2005-11-28,21,8
10073297677,2005-08-02,29,8
10073299146,2005-08-03,10,8
10073303469,2005-08-03,18,8
10073303987,2005-08-03,44.97,8
10073304476,2005-08-03,90,8
10073304739,2005-08-03,25.8,8
10073304739,2011-11-03,45.49,8
10073307660,2005-08-03,190,8
10073307832,2005-08-03,45,8
10073307832,2005-11-17,26.82,8
10073307989,2005-08-03,92.99,8
10073307989,2009-12-09,40.04,8
10073308278,2005-08-03,13.45,8
10073308278,2005-11-29,68.57,8
10073308278,2008-11-28,29.87,8
10073308278,2010-11-10,24.99,8
10073308278,2010-11-23,41.13,8
10073308914,2005-08-03,26.62,8
10073308914,2006-09-21,65,8
10073308914,2007-06-30,30.49,8
10073312147,2005-08-04,13,8
10073313634,2005-08-04,41,8
10073313726,2005-08-04,22.89,8
10073313726,2009-05-23,17.55,8
10073315424,2005-08-04,235,8
10073315909,2005-08-04,19.03,8
10073316562,2005-08-04,25.8,8
10073318303,2005-08-05,50,8
10073320398,2005-08-05,95,8
10073320497,2005-08-05,45.78,8
10073320950,2005-08-05,105,8
10073321224,2005-08-05,19.24,8
10073321330,2005-08-05,307.18,8
10073325183,2005-08-05,30.64,8
10073325571,2005-08-05,14.96,8
10073325571,2005-08-20,24.5,8
10073325571,2006-02-17,14.99,8
10073325628,2005-08-05,18.6,8
10073326553,2005-08-05,18.1,8
10073328359,2005-08-06,68.71,8
10073328912,2005-08-06,27.46,8
10073330670,2005-08-06,35.5,8
10073331066,2005-08-06,31.74,8
10073331165,2005-08-06,25,8
10073331165,2008-11-09,70.8,8
10073334754,2005-08-07,119.5,8
10073335826,2005-08-07,139.95,8
10073335826,2006-01-27,50,8
10073335932,2005-08-07,23.75,8
10073337626,2005-08-08,37,8
10073340125,2005-08-08,44.1,8
10073341370,2005-08-08,10,8
10073342608,2005-08-08,23,8
10073343772,2005-08-08,24,8
10073343836,2005-08-08,7.6,8
10073344365,2005-08-08,115.79,8
10073349274,2005-08-09,13,8
10073349555,2005-08-09,164,8
10073349555,2005-12-07,24,8
10073349555,2006-11-11,42,8
10073349769,2005-08-09,28.5,8
10073353802,2005-08-09,65,8
10073360172,2005-08-10,65,8
10073361170,2005-08-10,138.88,8
10073361170,2011-07-10,55.05,8
10073362845,2005-08-10,115.21,8
10073362845,2005-09-29,241.82,8
10073364595,2005-08-11,135,8
10073364840,2005-08-11,49.78,8
10073364916,2005-08-11,304.5,8
10073367516,2005-08-11,131.3,8
10073367516,2005-09-14,196,8
10073367516,2005-10-04,129.58,8
10073368175,2005-08-11,19.4,8
10073370114,2005-08-11,19.95,8
10073370114,2007-01-06,12.02,8
10073370114,2007-03-20,12.02,8
10073370114,2007-12-02,127.9,8
10073370114,2008-12-05,96,8
10073370114,2009-12-04,126.04,8
10073370114,2012-04-30,56,8
10073370361,2005-08-11,25.8,8
10073370361,2005-09-25,29.9,8
10073370361,2005-10-12,29.9,8
10073371203,2005-08-11,31.5,8
10073374635,2005-08-12,206.04,8
10073377728,2005-08-12,7.33,8
10073377728,2012-07-22,29.75,8
10073378620,2005-08-12,34.4,8
10073382439,2005-08-13,32.5,8
10073384137,2005-08-13,47.4,8
10073384510,2005-08-13,11.9,8
10073384585,2005-08-13,38.02,8
10073385286,2005-08-13,9.05,8
10073385286,2005-11-30,25,8
10073387529,2005-08-14,19.24,8
10073387991,2005-08-14,22.6,8
10073388306,2005-08-14,95.1,8
10073388306,2006-05-05,207,8
10073389046,2005-08-14,46.6,8
10073389434,2005-08-14,50,8
10073389434,2006-10-20,67.5,8
10073389442,2005-08-14,27.24,8
10073389920,2005-08-14,29.75,8
10073389920,2010-11-30,137.66,8
10073390151,2005-08-14,79,8
10073393609,2008-11-20,57.55,8
10073393609,2009-10-14,76.1,8
10073393609,2009-11-10,40.82,8
10073393609,2010-01-14,19.87,8
10073393609,2005-08-15,12,8
10073393780,2005-08-15,14.14,8
10073393837,2005-08-15,5.85,8
10073394053,2005-08-15,48.7,8
10073394152,2005-08-15,104.21,8
10073394152,2005-12-04,341.53,8
10073395176,2005-08-15,57.5,8
10073395233,2005-08-15,22.89,8
10073395655,2005-08-15,45,8
10073397222,2007-07-05,171.65,8
10073397222,2005-08-15,104.56,8
10073397222,2006-11-10,32.95,8
10073398220,2005-08-15,14.96,8
10073398418,2005-08-15,155,8
10073398550,2005-08-15,130.86,8
10073399160,2005-08-15,39,8
10073403600,2005-08-16,237,8
10073407979,2005-08-16,117.5,8
10073408219,2005-08-16,123,8
10073410034,2005-08-16,36,8
10073410034,2006-10-23,48,8
10073410034,2007-11-28,9.2,8
10073411702,2005-08-17,378.94,8
10073412129,2005-08-17,25,8
10073414867,2005-08-17,861.31,8
10073417732,2005-08-17,334.21,8
10073418267,2005-08-17,215,8
10073418532,2005-08-17,23.89,8
10073418756,2005-08-17,23.75,8
10073418960,2005-08-17,50,8
10073420388,2005-08-18,22.6,8
10073424240,2005-08-18,60,8
10073424720,2005-08-18,22.6,8
10073427112,2005-08-20,20.3,8
10073427177,2005-08-18,79,8
10073428795,2005-08-19,18,8
10073431369,2005-08-19,71.95,8
10073431452,2005-08-19,17.76,8
10073433193,2005-08-19,30.6,8
10073434033,2005-08-19,34.65,8
10073434554,2005-08-19,83,8
10073434596,2005-08-19,102.25,8
10073435701,2005-08-19,72.75,8
10073435824,2005-08-19,23.75,8
10073439513,2005-08-20,309.51,8
10073440031,2005-08-20,31.5,8
10073440370,2005-08-20,205.3,8
10073440897,2005-08-20,12.6,8
10073440897,2008-09-29,48.34,8
10073440897,2009-05-25,53.5,8
10073445872,2005-08-21,23.75,8
10073446607,2005-08-21,103.4,8
10073446607,2006-12-01,874.19,8
10073446625,2005-08-21,7.5,8
10073448957,2005-08-21,215,8
10073452019,2005-08-22,17.8,8
10073453058,2005-08-22,16.7,8
10073454378,2005-08-22,12.5,8
10073456061,2005-08-22,65,8
10073456384,2005-08-22,100,8
10073457687,2005-08-22,65.6,8
10073458546,2005-08-22,22.6,8
10073458826,2005-08-22,23.75,8
10073458925,2005-08-22,140,8
10073461919,2005-08-23,38,8
10073463965,2009-12-02,73,8
10073463965,2005-08-23,24.52,8
10073463965,2006-10-05,20,8
10073463965,2007-11-14,63.2,8
10073463965,2010-04-09,22.95,8
10073463965,2010-10-25,128.27,8
10073465526,2005-08-23,57.5,8
10073465526,2006-06-07,197,8
10073465526,2006-11-30,63.25,8
10073465526,2007-02-09,37.5,8
10073467232,2005-08-23,12.5,8
10073470698,2005-08-24,104.21,8
10073470698,2005-11-19,42.44,8
10073471276,2005-08-24,31.4,8
10073473090,2005-08-24,10.25,8
10073473090,2005-12-17,169.4,8
10073474780,2005-08-24,62,8
10073475004,2005-08-24,195,8
10073475475,2005-08-24,8.3,8
10073475665,2005-08-24,18.95,8
10073477899,2005-08-24,26.64,8
10073481101,2005-08-25,21.16,8
10073481101,2008-12-09,123.2,8
10073481101,2009-03-14,11.5,8
10073481101,2009-11-05,44,8
10073481101,2010-03-12,70,8
10073481101,2012-01-27,19.67,8
10073481101,2012-02-16,75.33,8
10073481473,2005-08-25,60,8
10073481473,2007-12-12,9.35,8
10073481588,2005-08-25,49,8
10073481588,2007-10-20,39,8
10073481942,2005-08-25,25,8
10073481942,2007-06-06,315.45,8
10073482231,2005-08-25,22.89,8
10073484492,2005-08-25,12.5,8
10073485044,2005-08-25,51.6,8
10073488436,2005-08-26,51.6,8
10073489581,2005-08-26,25,8
10073490339,2005-08-26,24,8
10073491783,2005-08-26,10,8
10073491848,2005-08-26,70,8
10073492155,2005-08-26,65,8
10073492205,2005-08-26,18.48,8
10073493252,2005-08-26,65,8
10073494299,2005-08-27,107.01,8
10073494299,2005-09-09,28.5,8
10073498673,2005-08-27,40.83,8
10073500372,2005-08-27,12.5,8
10073503259,2005-08-28,135,8
10073503959,2005-08-28,12.5,8
10073504605,2005-08-28,45.2,8
10073505561,2005-08-28,100.4,8
10073505561,2006-05-17,20.3,8
10073510718,2005-08-29,35,8
10073510718,2007-02-19,9.05,8
10073510718,2007-04-02,11.75,8
10073511038,2005-08-29,49,8
10073511543,2005-08-29,22.89,8
10073512054,2005-08-29,16.7,8
10073513755,2005-08-29,113,8
10073513867,2005-08-29,53.5,8
10073514833,2005-08-29,10,8
10073515047,2005-08-29,104.21,8
10073515667,2005-08-29,7.5,8
10073519388,2005-08-30,9.87,8
10073519627,2005-08-30,14.9,8
10073520956,2005-08-30,29.5,8
10073520956,2006-04-09,33.5,8
10073522590,2005-08-30,24,8
10073523299,2005-08-30,62.5,8
10073523325,2005-08-30,61.1,8
10073528199,2005-11-26,35,8
10073528199,2005-08-31,18,8
10073529807,2005-08-31,189.47,8
9992038635,2005-08-08,53,8
9992334429,2005-08-23,9.05,8
9992334429,2007-10-29,48,8
9992456885,2005-08-14,13,8
9992456885,2010-12-07,59.97,8
9992465910,2005-08-10,36,8
9992465910,2008-02-28,65,8
9992761927,2005-08-19,528.09,8
9992761927,2006-12-03,225.39,8
9992761927,2009-09-28,112.48,8
9992761927,2010-12-13,37.9,8
9992761927,2011-09-02,58.78,8
9993355607,2005-08-01,127,8
9993355607,2008-03-31,90,8
9993355607,2009-09-13,22,8
9993497664,2005-08-03,50,8
9998059065,2005-08-22,177,8
9998246058,2005-08-24,18.75,8
9998520437,2005-08-28,124.79,8
9998520437,2009-10-07,42,8
9998520437,2011-04-06,45.7,8
9998520437,2011-10-10,30,8
9998768408,2005-08-23,156.5,8
9999600742,2005-08-04,196.83,8
9999600742,2005-12-09,25,8
9999600742,2006-02-02,54.6,8
9999600742,2007-07-27,151.32,8
9999600742,2007-08-30,49.9,8
9999600742,2007-09-06,25.27,8
9999600742,2007-10-23,175.47,8
9999600742,2007-12-03,75,8
9999600742,2008-04-04,65.5,8
9999600742,2008-05-27,99.23,8
9999600742,2008-06-30,99.23,8
9999600742,2008-10-06,48.09,8
9999600742,2008-12-04,70.26,8
9999600742,2009-06-09,6,8
9999600742,2010-12-08,164.8,8
9999600742,2011-12-09,16,8
